"id","cid","invid","pid","delid","inv_date","po_date","do_date"
"1","0","3","0","0","2023-06-05 02:30:24",,"2023-06-05 02:30:24"
"2","0","4","0","0","2023-06-05 02:36:10",,"2023-06-05 02:36:10"
"3","0","5","0","0","2023-06-05 02:38:31",,"2023-06-05 02:38:31"
"4","0","17","0","0","2023-06-05 02:52:34",,"2023-06-05 02:52:34"
"5","0","18","0","0","2023-06-05 02:55:11",,"2023-06-05 02:55:11"
"6","0","18","0","0","2023-06-05 02:55:11",,"2023-06-05 02:55:11"
"7","0","19","0","0","2023-06-05 02:59:45",,"2023-06-05 02:59:45"
"8","0","22","0","0","2023-06-05 03:01:44",,"2023-06-05 03:01:44"
"9","0","23","0","0","2023-06-05 03:02:12",,"2023-06-05 03:02:12"
"10","0","23","0","0","2023-06-05 03:02:12",,"2023-06-05 03:02:12"
"11","0","24","0","0","2023-06-09 19:53:10",,"2023-06-09 19:53:10"
"12","0","24","0","0","2023-06-09 19:53:10",,"2023-06-09 19:53:10"
"13","0","25","0","0","2023-06-09 19:54:06",,"2023-06-09 19:54:06"
"14","0","25","0","0","2023-06-09 19:54:06",,"2023-06-09 19:54:06"
"15","0","26","0","0","2023-06-09 19:54:26",,"2023-06-09 19:54:26"
"16","0","26","0","0","2023-06-09 19:54:26",,"2023-06-09 19:54:26"
"17","0","27","0","0","2023-07-08 03:36:16",,"2023-07-08 03:36:16"
"18","0","30","0","0","2023-07-09 02:01:48",,"2023-07-09 02:01:48"
"19","0","31","0","0","2023-07-09 02:01:57",,"2023-07-09 02:01:57"
"20","39","32","0","0","2023-07-09 02:28:20",,"2023-07-09 02:28:20"
"21","0","34","0","0","2023-07-17 02:30:56",,"2023-07-17 02:30:56"
"22","0","34","0","0","2023-07-17 02:30:56",,"2023-07-17 02:30:56"
"23","43","35","0","0","2023-07-17 02:36:14",,"2023-07-17 02:36:14"
"24","0","36","0","0","2023-07-18 14:58:25",,"2023-07-18 14:58:25"
"25","0","1","0","0","2023-07-27 10:48:51",,"2023-07-27 10:48:51"
"26","46","2","0","0","2023-07-27 11:14:21",,"2023-07-27 11:14:21"
"27","46","3","0","0","2023-07-27 11:16:45",,"2023-07-27 11:16:45"
"28","46","4","0","0","2023-07-27 11:17:50",,"2023-07-27 11:17:50"
"29","47","5","0","0","2023-07-27 11:19:19",,"2023-07-27 11:19:19"
"30","47","6","0","0","2023-07-27 11:24:53",,"2023-07-27 11:24:53"
"31","48","7","0","0","2023-07-27 12:36:21",,"2023-07-27 12:36:21"
"32","48","7","0","0","2023-07-27 12:36:21",,"2023-07-27 12:36:21"
"33","48","7","0","0","2023-07-27 12:36:21",,"2023-07-27 12:36:21"
"34","48","7","0","0","2023-07-27 12:36:21",,"2023-07-27 12:36:21"
"35","49","0","0","0","2023-07-28 08:44:01",,"2023-07-28 08:44:01"
"36","49","0","0","0","2023-07-28 08:44:01",,"2023-07-28 08:44:01"
"37","49","0","0","0","2023-07-28 08:44:01",,"2023-07-28 08:44:01"
"38","49","0","0","0","2023-07-28 08:44:01",,"2023-07-28 08:44:01"
"39","49","0","0","0","2023-07-28 08:44:01",,"2023-07-28 08:44:01"
"40","49","0","0","0","2023-07-28 08:44:01",,"2023-07-28 08:44:01"
"41","49","8","0","0","2023-07-28 08:49:25",,"2023-07-28 08:49:25"
"42","49","8","0","0","2023-07-28 08:49:25",,"2023-07-28 08:49:25"
"43","49","8","0","0","2023-07-28 08:49:25",,"2023-07-28 08:49:25"
"44","49","8","0","0","2023-07-28 08:49:25",,"2023-07-28 08:49:25"
"45","49","8","0","0","2023-07-28 08:49:25",,"2023-07-28 08:49:25"
"46","49","8","0","0","2023-07-28 08:49:25",,"2023-07-28 08:49:25"
"47","49","9","0","0","2023-07-28 13:57:20",,"2023-07-28 13:57:20"
"48","49","9","0","0","2023-07-28 13:57:20",,"2023-07-28 13:57:20"
"49","47","10","0","0","2023-07-28 15:00:00",,"2023-07-28 15:00:00"
"50","47","11","0","0","2023-07-28 15:01:42",,"2023-07-28 15:01:42"
"51","47","12","0","0","2023-07-28 15:06:59",,"2023-07-28 15:06:59"
"52","47","13","0","0","2023-07-29 00:19:35",,"2023-07-29 00:19:35"
"53","47","13","0","0","2023-07-29 00:19:35",,"2023-07-29 00:19:35"
"54","47","0","0","0","2023-07-29 10:48:42",,"2023-07-29 10:48:42"
"55","47","0","0","0","2023-07-29 10:48:42",,"2023-07-29 10:48:42"
"56","47","0","0","0","2023-07-29 10:48:42",,"2023-07-29 10:48:42"
"57","47","0","0","0","2023-07-29 10:48:42",,"2023-07-29 10:48:42"
"58","47","14","0","0","2023-07-29 10:50:40",,"2023-07-29 10:50:40"
"59","47","14","0","0","2023-07-29 10:50:40",,"2023-07-29 10:50:40"
"60","47","14","0","0","2023-07-29 10:50:40",,"2023-07-29 10:50:40"
"61","47","14","0","0","2023-07-29 10:50:40",,"2023-07-29 10:50:40"
"62","47","15","0","0","2023-07-29 10:55:26",,"2023-07-29 10:55:26"
"63","47","16","0","0","2023-07-29 12:38:54",,"2023-07-29 12:38:54"
"64","47","17","0","0","2023-07-29 13:07:27",,"2023-07-29 13:07:27"
"65","47","18","0","0","2023-07-29 14:44:59",,"2023-07-29 14:44:59"
"66","47","18","0","0","2023-07-29 14:44:59",,"2023-07-29 14:44:59"
"67","47","19","0","0","2023-07-29 14:48:01",,"2023-07-29 14:48:01"
"68","47","20","0","0","2023-07-29 14:55:45",,"2023-07-29 14:55:45"
"69","47","21","0","0","2023-07-29 14:59:52",,"2023-07-29 14:59:52"
"70","47","21","0","0","2023-07-29 14:59:52",,"2023-07-29 14:59:52"
"71","47","22","0","0","2023-07-29 15:07:17",,"2023-07-29 15:07:17"
"72","47","23","0","0","2023-07-29 15:09:03",,"2023-07-29 15:09:03"
"73","47","24","0","0","2023-07-29 15:14:22",,"2023-07-29 15:14:22"
"74","47","25","0","0","2023-07-29 15:28:57",,"2023-07-29 15:28:57"
"75","47","26","0","0","2023-07-29 15:48:32",,"2023-07-29 15:48:32"
"76","47","27","0","0","2023-07-29 15:56:03",,"2023-07-29 15:56:03"
"77","47","28","0","0","2023-07-29 15:58:26",,"2023-07-29 15:58:26"
"78","0","29","0","0","2023-07-29 17:24:19",,"2023-07-29 17:24:19"
"79","0","30","0","0","2023-07-29 17:25:53",,"2023-07-29 17:25:53"
"80","0","31","0","0","2023-07-29 17:44:06",,"2023-07-29 17:44:06"
"81","0","32","0","0","2023-07-29 17:44:49",,"2023-07-29 17:44:49"
"82","0","33","0","0","2023-07-29 17:56:10",,"2023-07-29 17:56:10"
"83","47","34","0","0","2023-07-30 09:30:48",,"2023-07-30 09:30:48"
"84","47","35","0","0","2023-07-30 11:04:19",,"2023-07-30 11:04:19"
"85","47","36","0","0","2023-07-30 11:11:06",,"2023-07-30 11:11:06"
"86","47","37","0","0","2023-07-30 11:11:23",,"2023-07-30 11:11:23"
"87","47","38","0","0","2023-07-30 11:21:53",,"2023-07-30 11:21:53"
"88","47","38","0","0","2023-07-30 11:21:53",,"2023-07-30 11:21:53"
"89","47","38","0","0","2023-07-30 11:21:53",,"2023-07-30 11:21:53"
"90","0","39","0","0","2023-07-30 11:52:47",,"2023-07-30 11:52:47"
"91","47","40","0","0","2023-07-30 12:12:07",,"2023-07-30 12:12:07"
"92","47","41","0","0","2023-07-30 12:41:46",,"2023-07-30 12:41:46"
"93","47","42","0","0","2023-07-30 12:51:26",,"2023-07-30 12:51:26"
"94","47","42","0","0","2023-07-30 12:51:26",,"2023-07-30 12:51:26"
"95","47","43","0","0","2023-07-30 13:00:54",,"2023-07-30 13:00:54"
"96","47","44","0","0","2023-07-30 13:31:05",,"2023-07-30 13:31:05"
"97","47","45","0","0","2023-07-30 14:08:34",,"2023-07-30 14:08:34"
"98","47","45","0","0","2023-07-30 14:08:34",,"2023-07-30 14:08:34"
"99","47","45","0","0","2023-07-30 14:08:34",,"2023-07-30 14:08:34"
"100","47","46","0","0","2023-07-30 14:26:20",,"2023-07-30 14:26:20"
"101","47","47","0","0","2023-07-30 14:30:22",,"2023-07-30 14:30:22"
"102","47","48","0","0","2023-07-30 14:34:10",,"2023-07-30 14:34:10"
"103","47","48","0","0","2023-07-30 14:34:10",,"2023-07-30 14:34:10"
"104","47","48","0","0","2023-07-30 14:34:10",,"2023-07-30 14:34:10"
"105","47","49","0","0","2023-07-30 14:38:19",,"2023-07-30 14:38:19"
"106","47","49","0","0","2023-07-30 14:38:19",,"2023-07-30 14:38:19"
"107","47","50","0","0","2023-07-30 14:41:23",,"2023-07-30 14:41:23"
"108","47","50","0","0","2023-07-30 14:41:23",,"2023-07-30 14:41:23"
"109","47","51","0","0","2023-07-30 14:46:28",,"2023-07-30 14:46:28"
"110","47","52","0","0","2023-07-30 14:47:47",,"2023-07-30 14:47:47"
"111","47","53","0","0","2023-07-30 15:12:19",,"2023-07-30 15:12:19"
"112","47","53","0","0","2023-07-30 15:12:19",,"2023-07-30 15:12:19"
"113","47","54","0","0","2023-07-30 15:52:25",,"2023-07-30 15:52:25"
"114","47","55","0","0","2023-07-30 15:59:12",,"2023-07-30 15:59:12"
"115","47","56","0","0","2023-07-30 16:11:46",,"2023-07-30 16:11:46"
"116","47","57","0","0","2023-07-30 16:17:43",,"2023-07-30 16:17:43"
"117","47","58","0","0","2023-07-30 17:52:01",,"2023-07-30 17:52:01"
"118","47","58","0","0","2023-07-30 17:52:01",,"2023-07-30 17:52:01"
"119","47","59","0","0","2023-07-30 18:16:43",,"2023-07-30 18:16:43"
"120","47","60","0","0","2023-07-30 18:54:31",,"2023-07-30 18:54:31"
"121","50","61","0","0","2023-09-02 14:37:36",,"2023-09-02 14:37:36"
"122","0","62","0","0","2023-09-03 12:19:56",,"2023-09-03 12:19:56"
"123","0","63","0","0","2023-09-03 12:47:47",,"2023-09-03 12:47:47"
"124","0","64","0","0","2023-09-03 13:54:08",,"2023-09-03 13:54:08"
"125","0","65","0","0","2023-09-03 14:07:03",,"2023-09-03 14:07:03"
"126","0","66","0","0","2023-09-03 14:08:01",,"2023-09-03 14:08:01"
"127","0","67","0","0","2023-09-03 14:11:40",,"2023-09-03 14:11:40"
"128","0","68","0","0","2023-09-03 14:11:47",,"2023-09-03 14:11:47"
"129","0","69","0","0","2023-09-03 14:12:10",,"2023-09-03 14:12:10"
"130","0","70","0","0","2023-09-03 14:15:46",,"2023-09-03 14:15:46"
"131","0","71","0","0","2023-09-03 14:19:20",,"2023-09-03 14:19:20"
"132","0","72","0","0","2023-09-03 14:25:46",,"2023-09-03 14:25:46"
"133","0","72","0","0","2023-09-03 14:25:46",,"2023-09-03 14:25:46"
"134","0","73","0","0","2023-09-03 14:59:32",,"2023-09-03 14:59:32"
"135","0","74","0","0","2023-09-03 15:45:22",,"2023-09-03 15:45:22"
"136","0","75","0","0","2023-09-03 16:09:11",,"2023-09-03 16:09:11"
"137","0","76","0","0","2023-09-08 18:05:14",,"2023-09-08 18:05:14"
"138","52","80","0","0","2023-11-07 10:49:53",,"2023-11-07 10:49:53"
"139","0","81","0","0","2023-11-07 12:05:13",,"2023-11-07 12:05:13"
"140","0","82","0","0","2023-11-07 12:43:21",,"2023-11-07 12:43:21"
"141","0","82","0","0","2023-11-07 12:43:21",,"2023-11-07 12:43:21"
"142","0","82","0","0","2023-11-07 12:43:21",,"2023-11-07 12:43:21"
"143","54","83","0","0","2023-11-07 12:54:41",,"2023-11-07 12:54:41"
"144","54","83","0","0","2023-11-07 12:54:41",,"2023-11-07 12:54:41"
"145","54","83","0","0","2023-11-07 12:54:41",,"2023-11-07 12:54:41"
"146","55","84","0","0","2023-11-07 13:03:42",,"2023-11-07 13:03:42"
"147","55","84","0","0","2023-11-07 13:03:42",,"2023-11-07 13:03:42"
"148","55","84","0","0","2023-11-07 13:03:42",,"2023-11-07 13:03:42"
"149","55","84","0","0","2023-11-07 13:03:42",,"2023-11-07 13:03:42"
"150","55","84","0","0","2023-11-07 13:03:42",,"2023-11-07 13:03:42"
"151","55","84","0","0","2023-11-07 13:03:42",,"2023-11-07 13:03:42"
"152","55","84","0","0","2023-11-07 13:03:42",,"2023-11-07 13:03:42"
"153","57","85","0","0","2023-11-08 14:36:09",,"2023-11-08 14:36:09"
"154","57","85","0","0","2023-11-08 14:36:09",,"2023-11-08 14:36:09"
"155","57","85","0","0","2023-11-08 14:36:09",,"2023-11-08 14:36:09"
"156","57","85","0","0","2023-11-08 14:36:09",,"2023-11-08 14:36:09"
"157","57","85","0","0","2023-11-08 14:36:09",,"2023-11-08 14:36:09"
"158","57","85","0","0","2023-11-08 14:36:09",,"2023-11-08 14:36:09"
"159","57","85","0","0","2023-11-08 14:36:09",,"2023-11-08 14:36:09"
"160","59","86","0","0","2023-11-08 14:49:58",,"2023-11-08 14:49:58"
"161","60","87","0","0","2023-11-09 10:45:33",,"2023-11-09 10:45:33"
"162","60","87","0","0","2023-11-09 10:45:33",,"2023-11-09 10:45:33"
"163","60","87","0","0","2023-11-09 10:45:33",,"2023-11-09 10:45:33"
"164","60","87","0","0","2023-11-09 10:45:33",,"2023-11-09 10:45:33"
"165","60","87","0","0","2023-11-09 10:45:33",,"2023-11-09 10:45:33"
"166","60","87","0","0","2023-11-09 10:45:33",,"2023-11-09 10:45:33"
"167","60","87","0","0","2023-11-09 10:45:33",,"2023-11-09 10:45:33"
"168","60","87","0","0","2023-11-09 10:45:33",,"2023-11-09 10:45:33"
"169","60","87","0","0","2023-11-09 10:45:33",,"2023-11-09 10:45:33"
"170","60","87","0","0","2023-11-09 10:45:33",,"2023-11-09 10:45:33"
"171","60","87","0","0","2023-11-09 10:45:33",,"2023-11-09 10:45:33"
"172","60","87","0","0","2023-11-09 10:45:33",,"2023-11-09 10:45:33"
"173","60","87","0","0","2023-11-09 10:45:33",,"2023-11-09 10:45:33"
"174","61","88","0","0","2023-11-09 10:53:30",,"2023-11-09 10:53:30"
"175","61","88","0","0","2023-11-09 10:53:30",,"2023-11-09 10:53:30"
"176","61","88","0","0","2023-11-09 10:53:30",,"2023-11-09 10:53:30"
"177","61","88","0","0","2023-11-09 10:53:30",,"2023-11-09 10:53:30"
"178","50","89","0","0","2023-11-10 10:41:55",,"2023-11-10 10:41:55"
"179","63","90","0","0","2023-11-10 10:45:57",,"2023-11-10 10:45:57"
"180","64","91","0","0","2023-11-17 11:56:53",,"2023-11-17 11:56:53"
"181","0","92","0","0","2023-11-20 23:49:31",,"2023-11-20 23:49:31"
"182","0","93","0","0","2023-11-21 23:48:40",,"2023-11-21 23:48:40"
"183","68","94","0","0","2023-11-25 17:09:44",,"2023-11-25 17:09:44"
"184","68","94","0","0","2023-11-25 17:09:44",,"2023-11-25 17:09:44"
"185","68","94","0","0","2023-11-25 17:09:44",,"2023-11-25 17:09:44"
"186","68","94","0","0","2023-11-25 17:09:44",,"2023-11-25 17:09:44"
"187","68","94","0","0","2023-11-25 17:09:44",,"2023-11-25 17:09:44"
"188","71","95","0","0","2023-11-27 12:07:49",,"2023-11-27 12:07:49"
"189","72","96","0","0","2023-11-27 14:06:34",,"2023-11-27 14:06:34"
"190","72","97","0","0","2023-11-27 14:14:54",,"2023-11-27 14:14:54"
"191","72","98","0","0","2023-11-27 14:19:45",,"2023-11-27 14:19:45"
"192","72","99","0","0","2023-11-27 15:02:44",,"2023-11-27 15:02:44"
"193","0","100","0","0","2023-11-28 00:08:50",,"2023-11-28 00:08:50"
"194","72","101","0","0","2023-11-28 10:41:43",,"2023-11-28 10:41:43"
"195","73","102","0","0","2023-11-28 11:17:42",,"2023-11-28 11:17:42"
"196","60","103","0","0","2023-11-29 15:12:24",,"2023-11-29 15:12:24"
"197","60","103","0","0","2023-11-29 15:12:24",,"2023-11-29 15:12:24"
"198","60","103","0","0","2023-11-29 15:12:24",,"2023-11-29 15:12:24"
"199","53","104","0","0","2023-12-04 15:26:10",,"2023-12-04 15:26:10"
"200","52","105","0","0","2023-12-05 10:58:37",,"2023-12-05 10:58:37"
"201","76","106","0","0","2023-12-07 16:27:32",,"2023-12-07 16:27:32"
"202","66","111","0","0","2023-12-13 12:27:14",,"2023-12-13 12:27:14"
"203","0","112","0","0","2023-12-13 23:50:27",,"2023-12-13 23:50:27"
"204","0","112","0","0","2023-12-13 23:50:27",,"2023-12-13 23:50:27"
"205","0","113","0","0","2023-12-14 11:16:52",,"2023-12-14 11:16:52"
"206","0","114","0","0","2023-12-15 11:43:04",,"2023-12-15 11:43:04"
"207","0","115","0","0","2023-12-15 11:46:09",,"2023-12-15 11:46:09"
"208","65","116","0","0","2023-12-15 18:11:28",,"2023-12-15 18:11:28"
"209","65","117","0","0","2023-12-16 10:13:47",,"2023-12-16 10:13:47"
"210","65","118","0","0","2023-12-16 12:47:04",,"2023-12-16 12:47:04"
"211","65","119","0","0","2023-12-16 16:37:20",,"2023-12-16 16:37:20"
"212","69","120","0","0","2024-01-04 10:49:30",,"2024-01-04 10:49:30"
"213","53","121","0","0","2024-01-04 11:00:03",,"2024-01-04 11:00:03"
"214","73","122","0","0","2024-01-04 11:03:14",,"2024-01-04 11:03:14"
"215","53","123","0","0","2024-01-04 11:05:15",,"2024-01-04 11:05:15"
"216","77","124","0","0","2024-01-04 11:08:12",,"2024-01-04 11:08:12"
"217","78","125","0","0","2024-01-04 11:11:28",,"2024-01-04 11:11:28"
"218","64","126","0","0","2024-01-04 11:15:02",,"2024-01-04 11:15:02"
"219","79","127","0","0","2024-01-04 11:23:58",,"2024-01-04 11:23:58"
"220","70","128","0","0","2024-01-04 11:29:10",,"2024-01-04 11:29:10"
"221","69","129","0","0","2024-01-04 11:30:49",,"2024-01-04 11:30:49"
"222","73","130","0","0","2024-01-04 11:32:16",,"2024-01-04 11:32:16"
"223","68","131","0","0","2024-01-04 11:42:00",,"2024-01-04 11:42:00"
"224","60","132","0","0","2024-01-04 11:44:53",,"2024-01-04 11:44:53"
"225","80","133","0","0","2024-01-04 12:24:52",,"2024-01-04 12:24:52"
"226","77","134","0","0","2024-01-04 12:26:01",,"2024-01-04 12:26:01"
"227","69","135","0","0","2024-01-04 12:28:12",,"2024-01-04 12:28:12"
"228","53","136","0","0","2024-01-04 12:32:19",,"2024-01-04 12:32:19"
"229","60","137","0","0","2024-01-04 15:29:31",,"2024-01-04 15:29:31"
"230","81","138","0","0","2024-01-04 15:47:20",,"2024-01-04 15:47:20"
"231","82","139","0","0","2024-01-04 15:52:35",,"2024-01-04 15:52:35"
"232","83","140","0","0","2024-01-04 15:55:20",,"2024-01-04 15:55:20"
"233","53","141","0","0","2024-01-05 15:12:04",,"2024-01-05 15:12:04"
"234","84","142","0","0","2024-01-05 15:15:39",,"2024-01-05 15:15:39"
"235","83","143","0","0","2024-01-05 15:31:34",,"2024-01-05 15:31:34"
"236","85","144","0","0","2024-01-05 15:45:08",,"2024-01-05 15:45:08"
"237","86","145","0","0","2024-01-05 15:49:12",,"2024-01-05 15:49:12"
"238","87","146","0","0","2024-01-05 15:52:25",,"2024-01-05 15:52:25"
"239","88","147","0","0","2024-01-05 15:55:01",,"2024-01-05 15:55:01"
"240","76","148","0","0","2024-01-05 15:56:14",,"2024-01-05 15:56:14"
"241","87","149","0","0","2024-01-05 15:57:39",,"2024-01-05 15:57:39"
"242","0","150","0","0","2024-01-06 16:12:40",,"2024-01-06 16:12:40"
"243","0","151","0","0","2024-01-06 16:15:15",,"2024-01-06 16:15:15"
"244","89","152","0","0","2024-01-06 16:32:07",,"2024-01-06 16:32:07"
"245","89","152","0","0","2024-01-06 16:32:07",,"2024-01-06 16:32:07"
"246","89","153","0","0","2024-01-06 16:36:04",,"2024-01-06 16:36:04"
"247","89","153","0","0","2024-01-06 16:36:04",,"2024-01-06 16:36:04"
"248","90","154","0","0","2024-01-06 16:37:24",,"2024-01-06 16:37:24"
"249","90","154","0","0","2024-01-06 16:37:24",,"2024-01-06 16:37:24"
"250","83","155","0","0","2024-01-08 11:26:33",,"2024-01-08 11:26:33"
"251","91","156","0","0","2024-01-08 11:29:24",,"2024-01-08 11:29:24"
"252","91","157","0","0","2024-01-08 11:32:03",,"2024-01-08 11:32:03"
"253","92","158","0","0","2024-01-08 15:34:27",,"2024-01-08 15:34:27"
"254","85","159","0","0","2024-01-10 10:47:37",,"2024-01-10 10:47:37"
"255","55","160","0","0","2024-01-10 10:50:26",,"2024-01-10 10:50:26"
"256","52","161","0","0","2024-01-10 11:32:12",,"2024-01-10 11:32:12"
"257","93","162","0","0","2024-01-13 10:42:40",,"2024-01-13 10:42:40"
"258","53","163","0","0","2024-01-18 12:18:54",,"2024-01-18 12:18:54"
"259","53","163","0","0","2024-01-18 12:18:54",,"2024-01-18 12:18:54"
"260","94","164","0","0","2024-01-18 12:24:54",,"2024-01-18 12:24:54"
"261","94","164","0","0","2024-01-18 12:24:54",,"2024-01-18 12:24:54"
"262","95","165","0","0","2024-01-22 11:08:07",,"2024-01-22 11:08:07"
"263","95","165","0","0","2024-01-22 11:08:07",,"2024-01-22 11:08:07"
"264","95","166","0","0","2024-01-22 17:46:01",,"2024-01-22 17:46:01"
"265","95","166","0","0","2024-01-22 17:46:01",,"2024-01-22 17:46:01"
"266","95","167","0","0","2024-01-22 17:49:07",,"2024-01-22 17:49:07"
"267","95","167","0","0","2024-01-22 17:49:07",,"2024-01-22 17:49:07"
"268","96","168","0","0","2024-01-23 17:34:08",,"2024-01-23 17:34:08"
"269","96","168","0","0","2024-01-23 17:34:08",,"2024-01-23 17:34:08"
"270","97","169","0","0","2024-02-02 16:02:19",,"2024-02-02 16:02:19"
"271","95","170","0","0","2024-02-05 13:15:02",,"2024-02-05 13:15:02"
"272","95","170","0","0","2024-02-05 13:15:02",,"2024-02-05 13:15:02"
"273","95","170","0","0","2024-02-05 13:15:02",,"2024-02-05 13:15:02"
"274","95","170","0","0","2024-02-05 13:15:02",,"2024-02-05 13:15:02"
"275","95","170","0","0","2024-02-05 13:15:02",,"2024-02-05 13:15:02"
"276","95","171","0","0","2024-02-05 14:23:00",,"2024-02-05 14:23:00"
"277","95","171","0","0","2024-02-05 14:23:00",,"2024-02-05 14:23:00"
"278","95","171","0","0","2024-02-05 14:23:00",,"2024-02-05 14:23:00"
"279","95","171","0","0","2024-02-05 14:23:00",,"2024-02-05 14:23:00"
"280","95","171","0","0","2024-02-05 14:23:00",,"2024-02-05 14:23:00"
"281","99","172","0","0","2024-02-06 16:04:49",,"2024-02-06 16:04:49"
"282","99","172","0","0","2024-02-06 16:04:49",,"2024-02-06 16:04:49"
"283","99","173","0","0","2024-02-06 16:13:44",,"2024-02-06 16:13:44"
"284","99","173","0","0","2024-02-06 16:13:44",,"2024-02-06 16:13:44"
"285","100","174","0","0","2024-02-06 16:23:06",,"2024-02-06 16:23:06"
"286","100","174","0","0","2024-02-06 16:23:06",,"2024-02-06 16:23:06"
"287","93","175","0","0","2024-02-17 09:49:52",,"2024-02-17 09:49:52"
"288","93","175","0","0","2024-02-17 09:49:52",,"2024-02-17 09:49:52"
"289","102","176","0","0","2024-02-19 12:48:18",,"2024-02-19 12:48:18"
"290","102","176","0","0","2024-02-19 12:48:18",,"2024-02-19 12:48:18"
"291","102","176","0","0","2024-02-19 12:48:18",,"2024-02-19 12:48:18"
"292","96","177","0","0","2024-02-21 16:29:04",,"2024-02-21 16:29:04"
"293","96","177","0","0","2024-02-21 16:29:04",,"2024-02-21 16:29:04"
"294","103","178","0","0","2024-02-22 11:05:20",,"2024-02-22 11:05:20"
"295","103","178","0","0","2024-02-22 11:05:20",,"2024-02-22 11:05:20"
"296","103","178","0","0","2024-02-22 11:05:20",,"2024-02-22 11:05:20"
"297","104","179","0","0","2024-02-22 11:10:43",,"2024-02-22 11:10:43"
"298","104","179","0","0","2024-02-22 11:10:43",,"2024-02-22 11:10:43"
"299","104","179","0","0","2024-02-22 11:10:43",,"2024-02-22 11:10:43"
"300","0","180","0","0","2024-02-24 10:49:41",,"2024-02-24 10:49:41"
"301","0","180","0","0","2024-02-24 10:49:41",,"2024-02-24 10:49:41"
"302","0","180","0","0","2024-02-24 10:49:41",,"2024-02-24 10:49:41"
"303","105","181","0","0","2024-02-24 10:51:43",,"2024-02-24 10:51:43"
"304","105","181","0","0","2024-02-24 10:51:43",,"2024-02-24 10:51:43"
"305","105","181","0","0","2024-02-24 10:51:43",,"2024-02-24 10:51:43"
"306","89","182","0","0","2024-03-02 11:18:57",,"2024-03-02 11:18:57"
"307","89","182","0","0","2024-03-02 11:18:57",,"2024-03-02 11:18:57"
"308","90","183","0","0","2024-03-02 11:30:06",,"2024-03-02 11:30:06"
"309","90","183","0","0","2024-03-02 11:30:06",,"2024-03-02 11:30:06"
"310","0","184","0","0","2024-03-09 17:49:13",,"2024-03-09 17:49:13"
"311","0","184","0","0","2024-03-09 17:49:13",,"2024-03-09 17:49:13"
"312","106","185","0","0","2024-03-09 17:50:36",,"2024-03-09 17:50:36"
"313","106","185","0","0","2024-03-09 17:50:36",,"2024-03-09 17:50:36"
"314","105","186","0","0","2024-03-11 14:33:12",,"2024-03-11 14:33:12"
"315","105","186","0","0","2024-03-11 14:33:12",,"2024-03-11 14:33:12"
"316","105","186","0","0","2024-03-11 14:33:12",,"2024-03-11 14:33:12"
"317","105","186","0","0","2024-03-11 14:33:12",,"2024-03-11 14:33:12"
"318","107","187","0","0","2024-03-12 17:23:09",,"2024-03-12 17:23:09"
"319","107","187","0","0","2024-03-12 17:23:09",,"2024-03-12 17:23:09"
"320","108","188","0","0","2024-03-25 15:58:58",,"2024-03-25 15:58:58"
"321","108","188","0","0","2024-03-25 15:58:58",,"2024-03-25 15:58:58"
"322","108","188","0","0","2024-03-25 15:58:58",,"2024-03-25 15:58:58"
"323","108","188","0","0","2024-03-25 15:58:58",,"2024-03-25 15:58:58"
"324","108","188","0","0","2024-03-25 15:58:58",,"2024-03-25 15:58:58"
"325","93","189","0","0","2024-03-26 14:55:49",,"2024-03-26 14:55:49"
"326","93","189","0","0","2024-03-26 14:55:49",,"2024-03-26 14:55:49"
"327","93","189","0","0","2024-03-26 14:55:49",,"2024-03-26 14:55:49"
"328","93","189","0","0","2024-03-26 14:55:49",,"2024-03-26 14:55:49"
"329","93","189","0","0","2024-03-26 14:55:49",,"2024-03-26 14:55:49"
"330","93","189","0","0","2024-03-26 14:55:49",,"2024-03-26 14:55:49"
"331","93","189","0","0","2024-03-26 14:55:49",,"2024-03-26 14:55:49"
"332","93","189","0","0","2024-03-26 14:55:49",,"2024-03-26 14:55:49"
"333","93","189","0","0","2024-03-26 14:55:49",,"2024-03-26 14:55:49"
"334","109","190","0","0","2024-03-26 16:14:33",,"2024-03-26 16:14:33"
"335","109","190","0","0","2024-03-26 16:14:33",,"2024-03-26 16:14:33"
"336","93","191","0","0","2024-03-26 16:18:48",,"2024-03-26 16:18:48"
"337","110","192","0","0","2024-03-28 10:40:51",,"2024-03-28 10:40:51"
"338","110","192","0","0","2024-03-28 10:40:51",,"2024-03-28 10:40:51"
"339","110","192","0","0","2024-03-28 10:40:51",,"2024-03-28 10:40:51"
"340","111","193","0","0","2024-03-28 11:45:36",,"2024-03-28 11:45:36"
"341","111","193","0","0","2024-03-28 11:45:36",,"2024-03-28 11:45:36"
"342","111","193","0","0","2024-03-28 11:45:36",,"2024-03-28 11:45:36"
"343","111","193","0","0","2024-03-28 11:45:36",,"2024-03-28 11:45:36"
"344","111","193","0","0","2024-03-28 11:45:36",,"2024-03-28 11:45:36"
"345","63","194","0","0","2024-03-28 13:25:48",,"2024-03-28 13:25:48"
"346","112","195","0","0","2024-03-28 13:41:07",,"2024-03-28 13:41:07"
"347","112","195","0","0","2024-03-28 13:41:07",,"2024-03-28 13:41:07"
"348","112","195","0","0","2024-03-28 13:41:07",,"2024-03-28 13:41:07"
"349","113","196","0","0","2024-03-29 11:11:36",,"2024-03-29 11:11:36"
"350","113","196","0","0","2024-03-29 11:11:36",,"2024-03-29 11:11:36"
"351","114","197","0","0","2024-04-04 15:18:17",,"2024-04-04 15:18:17"
"352","0","198","0","0","2024-04-06 10:55:56",,"2024-04-06 10:55:56"
"353","73","199","0","0","2024-04-19 11:05:28",,"2024-04-19 11:05:28"
"354","89","200","0","0","2024-04-22 13:20:08",,"2024-04-22 13:20:08"
"355","89","200","0","0","2024-04-22 13:20:08",,"2024-04-22 13:20:08"
"356","89","201","0","0","2024-04-22 13:20:44",,"2024-04-22 13:20:44"
"357","89","201","0","0","2024-04-22 13:20:44",,"2024-04-22 13:20:44"
"358","89","202","0","0","2024-04-22 13:28:45",,"2024-04-22 13:28:45"
"359","67","203","0","0","2024-04-27 10:56:24",,"2024-04-27 10:56:24"
"360","0","204","0","0","2024-04-27 15:24:16",,"2024-04-27 15:24:16"
"361","0","204","0","0","2024-04-27 15:24:16",,"2024-04-27 15:24:16"
"362","0","204","0","0","2024-04-27 15:24:16",,"2024-04-27 15:24:16"
"363","0","204","0","0","2024-04-27 15:24:16",,"2024-04-27 15:24:16"
"364","0","204","0","0","2024-04-27 15:24:16",,"2024-04-27 15:24:16"
"365","0","204","0","0","2024-04-27 15:24:16",,"2024-04-27 15:24:16"
"366","0","204","0","0","2024-04-27 15:24:16",,"2024-04-27 15:24:16"
"367","0","204","0","0","2024-04-27 15:24:16",,"2024-04-27 15:24:16"
"368","0","204","0","0","2024-04-27 15:24:16",,"2024-04-27 15:24:16"
"369","0","204","0","0","2024-04-27 15:24:16",,"2024-04-27 15:24:16"
"370","0","204","0","0","2024-04-27 15:24:16",,"2024-04-27 15:24:16"
"371","0","204","0","0","2024-04-27 15:24:16",,"2024-04-27 15:24:16"
"372","0","204","0","0","2024-04-27 15:24:16",,"2024-04-27 15:24:16"
"373","0","204","0","0","2024-04-27 15:24:16",,"2024-04-27 15:24:16"
"374","0","204","0","0","2024-04-27 15:24:16",,"2024-04-27 15:24:16"
"375","0","204","0","0","2024-04-27 15:24:16",,"2024-04-27 15:24:16"
"376","0","204","0","0","2024-04-27 15:24:16",,"2024-04-27 15:24:16"
"377","0","204","0","0","2024-04-27 15:24:16",,"2024-04-27 15:24:16"
"378","0","204","0","0","2024-04-27 15:24:16",,"2024-04-27 15:24:16"
"379","116","205","0","0","2024-04-29 11:41:22",,"2024-04-29 11:41:22"
"380","116","205","0","0","2024-04-29 11:41:22",,"2024-04-29 11:41:22"
"381","116","205","0","0","2024-04-29 11:41:22",,"2024-04-29 11:41:22"
"382","116","205","0","0","2024-04-29 11:41:22",,"2024-04-29 11:41:22"
"383","116","205","0","0","2024-04-29 11:41:22",,"2024-04-29 11:41:22"
"384","116","205","0","0","2024-04-29 11:41:22",,"2024-04-29 11:41:22"
"385","116","205","0","0","2024-04-29 11:41:22",,"2024-04-29 11:41:22"
"386","116","205","0","0","2024-04-29 11:41:22",,"2024-04-29 11:41:22"
"387","118","206","0","0","2024-04-30 10:30:13",,"2024-04-30 10:30:13"
"388","118","206","0","0","2024-04-30 10:30:13",,"2024-04-30 10:30:13"
"389","118","206","0","0","2024-04-30 10:30:13",,"2024-04-30 10:30:13"
"390","118","206","0","0","2024-04-30 10:30:13",,"2024-04-30 10:30:13"
"391","118","206","0","0","2024-04-30 10:30:13",,"2024-04-30 10:30:13"
"392","118","206","0","0","2024-04-30 10:30:13",,"2024-04-30 10:30:13"
"393","118","206","0","0","2024-04-30 10:30:13",,"2024-04-30 10:30:13"
"394","118","206","0","0","2024-04-30 10:30:13",,"2024-04-30 10:30:13"
"395","119","207","0","0","2024-05-02 11:25:38",,"2024-05-02 11:25:38"
"396","86","208","0","0","2024-05-04 14:59:43",,"2024-05-04 14:59:43"
"397","86","208","0","0","2024-05-04 14:59:43",,"2024-05-04 14:59:43"
"398","86","208","0","0","2024-05-04 14:59:43",,"2024-05-04 14:59:43"
"399","86","208","0","0","2024-05-04 14:59:43",,"2024-05-04 14:59:43"
"400","61","209","0","0","2024-05-06 09:52:25",,"2024-05-06 09:52:25"
"401","73","210","0","0","2024-05-07 10:50:43",,"2024-05-07 10:50:43"
"402","73","211","0","0","2024-05-07 10:53:05",,"2024-05-07 10:53:05"
"403","120","212","0","0","2024-05-10 16:37:08",,"2024-05-10 16:37:08"
"404","120","212","0","0","2024-05-10 16:37:08",,"2024-05-10 16:37:08"
"405","120","212","0","0","2024-05-10 16:37:08",,"2024-05-10 16:37:08"
"406","87","217","0","0","2024-05-13 12:05:24",,"2024-05-13 12:05:24"
"407","87","217","0","0","2024-05-13 12:05:24",,"2024-05-13 12:05:24"
"408","87","217","0","0","2024-05-13 12:05:24",,"2024-05-13 12:05:24"
"409","87","217","0","0","2024-05-13 12:05:24",,"2024-05-13 12:05:24"
"410","102","218","0","0","2024-05-14 16:56:43",,"2024-05-14 16:56:43"
"411","102","218","0","0","2024-05-14 16:56:43",,"2024-05-14 16:56:43"
"412","102","218","0","0","2024-05-14 16:56:43",,"2024-05-14 16:56:43"
"413","102","218","0","0","2024-05-14 16:56:43",,"2024-05-14 16:56:43"
"414","102","218","0","0","2024-05-14 16:56:43",,"2024-05-14 16:56:43"
"415","102","218","0","0","2024-05-14 16:56:43",,"2024-05-14 16:56:43"
"416","102","218","0","0","2024-05-14 16:56:43",,"2024-05-14 16:56:43"
"417","123","219","0","0","2024-05-15 09:55:50",,"2024-05-15 09:55:50"
"418","123","219","0","0","2024-05-15 09:55:50",,"2024-05-15 09:55:50"
"419","123","219","0","0","2024-05-15 09:55:50",,"2024-05-15 09:55:50"
"420","123","219","0","0","2024-05-15 09:55:50",,"2024-05-15 09:55:50"
"421","123","219","0","0","2024-05-15 09:55:50",,"2024-05-15 09:55:50"
"422","123","219","0","0","2024-05-15 09:55:50",,"2024-05-15 09:55:50"
"423","123","219","0","0","2024-05-15 09:55:50",,"2024-05-15 09:55:50"
"424","123","219","0","0","2024-05-15 09:55:50",,"2024-05-15 09:55:50"
"425","123","219","0","0","2024-05-15 09:55:50",,"2024-05-15 09:55:50"
"426","125","220","0","0","2024-05-15 10:26:00",,"2024-05-15 10:26:00"
"427","125","220","0","0","2024-05-15 10:26:00",,"2024-05-15 10:26:00"
"428","125","221","0","0","2024-05-15 10:29:08",,"2024-05-15 10:29:08"
"429","125","221","0","0","2024-05-15 10:29:08",,"2024-05-15 10:29:08"
"430","126","222","0","0","2024-05-17 16:15:25",,"2024-05-17 16:15:25"
"431","126","222","0","0","2024-05-17 16:15:25",,"2024-05-17 16:15:25"
"432","126","222","0","0","2024-05-17 16:15:25",,"2024-05-17 16:15:25"
"433","126","222","0","0","2024-05-17 16:15:25",,"2024-05-17 16:15:25"
"434","126","222","0","0","2024-05-17 16:15:25",,"2024-05-17 16:15:25"
"435","126","222","0","0","2024-05-17 16:15:25",,"2024-05-17 16:15:25"
"436","126","222","0","0","2024-05-17 16:15:25",,"2024-05-17 16:15:25"
"437","126","222","0","0","2024-05-17 16:15:25",,"2024-05-17 16:15:25"
"438","127","223","0","0","2024-05-18 10:32:15",,"2024-05-18 10:32:15"
"439","127","223","0","0","2024-05-18 10:32:15",,"2024-05-18 10:32:15"
"440","127","223","0","0","2024-05-18 10:32:15",,"2024-05-18 10:32:15"
"441","127","223","0","0","2024-05-18 10:32:15",,"2024-05-18 10:32:15"
"442","127","223","0","0","2024-05-18 10:32:15",,"2024-05-18 10:32:15"
"443","127","223","0","0","2024-05-18 10:32:15",,"2024-05-18 10:32:15"
"444","127","223","0","0","2024-05-18 10:32:15",,"2024-05-18 10:32:15"
"445","127","223","0","0","2024-05-18 10:32:15",,"2024-05-18 10:32:15"
"446","127","223","0","0","2024-05-18 10:32:15",,"2024-05-18 10:32:15"
"447","127","223","0","0","2024-05-18 10:32:15",,"2024-05-18 10:32:15"
"448","127","223","0","0","2024-05-18 10:32:15",,"2024-05-18 10:32:15"
"449","127","223","0","0","2024-05-18 10:32:15",,"2024-05-18 10:32:15"
"450","127","223","0","0","2024-05-18 10:32:15",,"2024-05-18 10:32:15"
"451","127","223","0","0","2024-05-18 10:32:15",,"2024-05-18 10:32:15"
"452","127","223","0","0","2024-05-18 10:32:15",,"2024-05-18 10:32:15"
"453","73","224","0","0","2024-05-22 16:49:55",,"2024-05-22 16:49:55"
"454","73","224","0","0","2024-05-22 16:49:55",,"2024-05-22 16:49:55"
"455","73","224","0","0","2024-05-22 16:49:55",,"2024-05-22 16:49:55"
"456","87","225","0","0","2024-05-23 16:43:32",,"2024-05-23 16:43:32"
"457","87","225","0","0","2024-05-23 16:43:32",,"2024-05-23 16:43:32"
"458","87","225","0","0","2024-05-23 16:43:32",,"2024-05-23 16:43:32"
"459","87","225","0","0","2024-05-23 16:43:32",,"2024-05-23 16:43:32"
"460","87","225","0","0","2024-05-23 16:43:32",,"2024-05-23 16:43:32"
"461","87","225","0","0","2024-05-23 16:43:32",,"2024-05-23 16:43:32"
"462","87","226","0","0","2024-05-24 09:53:11",,"2024-05-24 09:53:11"
"463","87","226","0","0","2024-05-24 09:53:11",,"2024-05-24 09:53:11"
"464","87","226","0","0","2024-05-24 09:53:11",,"2024-05-24 09:53:11"
"465","87","226","0","0","2024-05-24 09:53:11",,"2024-05-24 09:53:11"
"466","87","226","0","0","2024-05-24 09:53:11",,"2024-05-24 09:53:11"
"467","87","226","0","0","2024-05-24 09:53:11",,"2024-05-24 09:53:11"
"468","87","226","0","0","2024-05-24 09:53:11",,"2024-05-24 09:53:11"
"469","87","226","0","0","2024-05-24 09:53:11",,"2024-05-24 09:53:11"
"470","109","227","0","0","2024-05-24 11:09:51",,"2024-05-24 11:09:51"
"471","109","227","0","0","2024-05-24 11:09:51",,"2024-05-24 11:09:51"
"472","109","227","0","0","2024-05-24 11:09:51",,"2024-05-24 11:09:51"
"473","93","228","0","0","2024-05-24 12:44:23",,"2024-05-24 12:44:23"
"474","93","228","0","0","2024-05-24 12:44:23",,"2024-05-24 12:44:23"
"475","128","229","0","0","2024-05-24 15:46:57",,"2024-05-24 15:46:57"
"476","61","230","0","0","2024-05-27 10:31:22",,"2024-05-27 10:31:22"
"477","61","230","0","0","2024-05-27 10:31:22",,"2024-05-27 10:31:22"
"478","129","231","0","0","2024-05-28 11:48:25",,"2024-05-28 11:48:25"
"479","124","232","0","0","2024-05-28 15:29:37",,"2024-05-28 15:29:37"
"480","86","233","0","0","2024-05-30 12:36:40",,"2024-05-30 12:36:40"
"481","130","234","0","0","2024-05-31 14:43:52",,"2024-05-31 14:43:52"
"482","82","235","0","0","2024-06-04 17:12:06",,"2024-06-04 17:12:06"
"483","82","235","0","0","2024-06-04 17:12:06",,"2024-06-04 17:12:06"
"484","82","235","0","0","2024-06-04 17:12:06",,"2024-06-04 17:12:06"
"485","82","235","0","0","2024-06-04 17:12:06",,"2024-06-04 17:12:06"
"486","82","235","0","0","2024-06-04 17:12:06",,"2024-06-04 17:12:06"
"487","131","236","0","0","2024-06-05 12:27:29",,"2024-06-05 12:27:29"
"488","73","237","0","0","2024-06-05 16:32:25",,"2024-06-05 16:32:25"
"489","73","237","0","0","2024-06-05 16:32:25",,"2024-06-05 16:32:25"
"490","73","237","0","0","2024-06-05 16:32:25",,"2024-06-05 16:32:25"
"491","73","237","0","0","2024-06-05 16:32:25",,"2024-06-05 16:32:25"
"492","73","237","0","0","2024-06-05 16:32:25",,"2024-06-05 16:32:25"
"493","102","238","0","0","2024-06-07 14:45:23",,"2024-06-07 14:45:23"
"494","132","239","0","0","2024-06-07 14:53:08",,"2024-06-07 14:53:08"
"495","132","239","0","0","2024-06-07 14:53:08",,"2024-06-07 14:53:08"
"496","132","239","0","0","2024-06-07 14:53:08",,"2024-06-07 14:53:08"
"497","122","240","0","0","2024-06-08 11:01:52",,"2024-06-08 11:01:52"
"498","122","240","0","0","2024-06-08 11:01:52",,"2024-06-08 11:01:52"
"499","60","241","0","0","2024-06-08 13:59:58",,"2024-06-08 13:59:58"
"500","60","241","0","0","2024-06-08 13:59:58",,"2024-06-08 13:59:58"
"501","133","242","0","0","2024-06-10 13:33:20",,"2024-06-10 13:33:20"
"502","123","243","0","0","2024-06-12 17:00:49",,"2024-06-12 17:00:49"
"503","123","243","0","0","2024-06-12 17:00:49",,"2024-06-12 17:00:49"
"504","123","243","0","0","2024-06-12 17:00:49",,"2024-06-12 17:00:49"
"505","123","243","0","0","2024-06-12 17:00:49",,"2024-06-12 17:00:49"
"506","123","243","0","0","2024-06-12 17:00:49",,"2024-06-12 17:00:49"
"507","123","243","0","0","2024-06-12 17:00:49",,"2024-06-12 17:00:49"
"508","123","243","0","0","2024-06-12 17:00:49",,"2024-06-12 17:00:49"
"509","123","243","0","0","2024-06-12 17:00:49",,"2024-06-12 17:00:49"
"510","123","243","0","0","2024-06-12 17:00:49",,"2024-06-12 17:00:49"
"511","123","243","0","0","2024-06-12 17:00:49",,"2024-06-12 17:00:49"
"512","123","243","0","0","2024-06-12 17:00:49",,"2024-06-12 17:00:49"
"513","123","243","0","0","2024-06-12 17:00:49",,"2024-06-12 17:00:49"
"514","123","243","0","0","2024-06-12 17:00:49",,"2024-06-12 17:00:49"
"515","123","243","0","0","2024-06-12 17:00:49",,"2024-06-12 17:00:49"
"516","134","244","0","0","2024-06-13 09:57:18",,"2024-06-13 09:57:18"
"517","134","244","0","0","2024-06-13 09:57:18",,"2024-06-13 09:57:18"
"518","134","244","0","0","2024-06-13 09:57:18",,"2024-06-13 09:57:18"
"519","134","244","0","0","2024-06-13 09:57:18",,"2024-06-13 09:57:18"
"520","134","244","0","0","2024-06-13 09:57:18",,"2024-06-13 09:57:18"
"521","134","244","0","0","2024-06-13 09:57:18",,"2024-06-13 09:57:18"
"522","134","244","0","0","2024-06-13 09:57:18",,"2024-06-13 09:57:18"
"523","134","244","0","0","2024-06-13 09:57:18",,"2024-06-13 09:57:18"
"524","134","245","0","0","2024-06-13 09:59:16",,"2024-06-13 09:59:16"
"525","134","245","0","0","2024-06-13 09:59:16",,"2024-06-13 09:59:16"
"526","135","246","0","0","2024-06-13 12:43:52",,"2024-06-13 12:43:52"
"527","135","246","0","0","2024-06-13 12:43:52",,"2024-06-13 12:43:52"
"528","73","247","0","0","2024-06-13 12:58:10",,"2024-06-13 12:58:10"
"529","73","247","0","0","2024-06-13 12:58:10",,"2024-06-13 12:58:10"
"530","73","247","0","0","2024-06-13 12:58:10",,"2024-06-13 12:58:10"
"531","73","247","0","0","2024-06-13 12:58:10",,"2024-06-13 12:58:10"
"532","73","247","0","0","2024-06-13 12:58:10",,"2024-06-13 12:58:10"
"533","73","247","0","0","2024-06-13 12:58:10",,"2024-06-13 12:58:10"
"534","73","247","0","0","2024-06-13 12:58:10",,"2024-06-13 12:58:10"
"535","73","247","0","0","2024-06-13 12:58:10",,"2024-06-13 12:58:10"
"536","73","247","0","0","2024-06-13 12:58:10",,"2024-06-13 12:58:10"
"537","73","247","0","0","2024-06-13 12:58:10",,"2024-06-13 12:58:10"
"538","136","248","0","0","2024-06-13 18:18:55",,"2024-06-13 18:18:55"
"539","136","248","0","0","2024-06-13 18:18:55",,"2024-06-13 18:18:55"
"540","123","249","0","0","2024-06-15 14:58:10",,"2024-06-15 14:58:10"
"541","69","250","0","0","2024-06-18 17:00:48",,"2024-06-18 17:00:48"
"542","69","250","0","0","2024-06-18 17:00:48",,"2024-06-18 17:00:48"
"543","69","250","0","0","2024-06-18 17:00:48",,"2024-06-18 17:00:48"
"544","71","251","0","0","2024-06-20 13:04:40",,"2024-06-20 13:04:40"
"545","71","251","0","0","2024-06-20 13:04:40",,"2024-06-20 13:04:40"
"546","71","251","0","0","2024-06-20 13:04:40",,"2024-06-20 13:04:40"
"547","114","252","0","0","2024-06-20 16:15:28",,"2024-06-20 16:15:28"
"548","114","253","0","0","2024-06-20 16:16:29",,"2024-06-20 16:16:29"
"549","137","254","0","0","2024-06-20 16:19:50",,"2024-06-20 16:19:50"
"550","137","254","0","0","2024-06-20 16:19:50",,"2024-06-20 16:19:50"
"551","137","254","0","0","2024-06-20 16:19:50",,"2024-06-20 16:19:50"
"552","138","255","0","0","2024-06-21 15:07:29",,"2024-06-21 15:07:29"
"553","138","255","0","0","2024-06-21 15:07:29",,"2024-06-21 15:07:29"
"554","138","255","0","0","2024-06-21 15:07:29",,"2024-06-21 15:07:29"
"555","138","255","0","0","2024-06-21 15:07:29",,"2024-06-21 15:07:29"
"556","138","255","0","0","2024-06-21 15:07:29",,"2024-06-21 15:07:29"
"557","138","255","0","0","2024-06-21 15:07:29",,"2024-06-21 15:07:29"
"558","138","255","0","0","2024-06-21 15:07:29",,"2024-06-21 15:07:29"
"559","138","255","0","0","2024-06-21 15:07:29",,"2024-06-21 15:07:29"
"560","138","255","0","0","2024-06-21 15:07:29",,"2024-06-21 15:07:29"
"561","138","255","0","0","2024-06-21 15:07:29",,"2024-06-21 15:07:29"
"562","138","255","0","0","2024-06-21 15:07:29",,"2024-06-21 15:07:29"
"563","138","255","0","0","2024-06-21 15:07:29",,"2024-06-21 15:07:29"
"564","138","255","0","0","2024-06-21 15:07:29",,"2024-06-21 15:07:29"
"565","138","255","0","0","2024-06-21 15:07:29",,"2024-06-21 15:07:29"
"566","138","255","0","0","2024-06-21 15:07:29",,"2024-06-21 15:07:29"
"567","73","256","0","0","2024-06-25 14:53:19",,"2024-06-25 14:53:19"
"568","73","256","0","0","2024-06-25 14:53:19",,"2024-06-25 14:53:19"
"569","73","256","0","0","2024-06-25 14:53:19",,"2024-06-25 14:53:19"
"570","55","257","0","0","2024-06-26 17:27:39",,"2024-06-26 17:27:39"
"571","55","257","0","0","2024-06-26 17:27:39",,"2024-06-26 17:27:39"
"572","55","257","0","0","2024-06-26 17:27:39",,"2024-06-26 17:27:39"
"573","55","257","0","0","2024-06-26 17:27:39",,"2024-06-26 17:27:39"
"574","55","257","0","0","2024-06-26 17:27:39",,"2024-06-26 17:27:39"
"575","55","257","0","0","2024-06-26 17:27:39",,"2024-06-26 17:27:39"
"576","109","258","0","0","2024-06-28 11:46:51",,"2024-06-28 11:46:51"
"577","109","258","0","0","2024-06-28 11:46:51",,"2024-06-28 11:46:51"
"578","109","258","0","0","2024-06-28 11:46:51",,"2024-06-28 11:46:51"
"579","109","258","0","0","2024-06-28 11:46:51",,"2024-06-28 11:46:51"
"580","138","259","0","0","2024-06-28 12:52:49",,"2024-06-28 12:52:49"
"581","138","259","0","0","2024-06-28 12:52:49",,"2024-06-28 12:52:49"
"582","138","259","0","0","2024-06-28 12:52:49",,"2024-06-28 12:52:49"
"583","138","259","0","0","2024-06-28 12:52:49",,"2024-06-28 12:52:49"
"584","138","259","0","0","2024-06-28 12:52:49",,"2024-06-28 12:52:49"
"585","138","259","0","0","2024-06-28 12:52:49",,"2024-06-28 12:52:49"
"586","138","259","0","0","2024-06-28 12:52:49",,"2024-06-28 12:52:49"
"587","138","259","0","0","2024-06-28 12:52:49",,"2024-06-28 12:52:49"
"588","138","259","0","0","2024-06-28 12:52:49",,"2024-06-28 12:52:49"
"589","138","259","0","0","2024-06-28 12:52:49",,"2024-06-28 12:52:49"
"590","138","259","0","0","2024-06-28 12:52:49",,"2024-06-28 12:52:49"
"591","138","259","0","0","2024-06-28 12:52:49",,"2024-06-28 12:52:49"
"592","138","259","0","0","2024-06-28 12:52:49",,"2024-06-28 12:52:49"
"593","138","259","0","0","2024-06-28 12:52:49",,"2024-06-28 12:52:49"
"594","138","259","0","0","2024-06-28 12:52:49",,"2024-06-28 12:52:49"
"595","138","259","0","0","2024-06-28 12:52:49",,"2024-06-28 12:52:49"
"596","138","259","0","0","2024-06-28 12:52:49",,"2024-06-28 12:52:49"
"597","138","259","0","0","2024-06-28 12:52:49",,"2024-06-28 12:52:49"
"598","138","259","0","0","2024-06-28 12:52:49",,"2024-06-28 12:52:49"
"599","138","259","0","0","2024-06-28 12:52:49",,"2024-06-28 12:52:49"
"600","138","259","0","0","2024-06-28 12:52:49",,"2024-06-28 12:52:49"
"601","138","259","0","0","2024-06-28 12:52:49",,"2024-06-28 12:52:49"
"602","135","260","0","0","2024-07-02 14:00:27",,"2024-07-02 14:00:27"
"603","135","260","0","0","2024-07-02 14:00:27",,"2024-07-02 14:00:27"
"604","139","261","0","0","2024-07-03 15:19:48",,"2024-07-03 15:19:48"
"605","139","261","0","0","2024-07-03 15:19:48",,"2024-07-03 15:19:48"
"606","139","261","0","0","2024-07-03 15:19:48",,"2024-07-03 15:19:48"
"607","126","262","0","0","2024-07-05 15:05:53",,"2024-07-05 15:05:53"
"608","126","262","0","0","2024-07-05 15:05:53",,"2024-07-05 15:05:53"
"609","118","263","0","0","2024-07-05 15:14:34",,"2024-07-05 15:14:34"
"610","118","263","0","0","2024-07-05 15:14:34",,"2024-07-05 15:14:34"
"611","118","263","0","0","2024-07-05 15:14:34",,"2024-07-05 15:14:34"
"612","118","263","0","0","2024-07-05 15:14:34",,"2024-07-05 15:14:34"
"613","118","263","0","0","2024-07-05 15:14:34",,"2024-07-05 15:14:34"
"614","118","263","0","0","2024-07-05 15:14:34",,"2024-07-05 15:14:34"
"615","118","263","0","0","2024-07-05 15:14:34",,"2024-07-05 15:14:34"
"616","122","264","0","0","2024-07-06 12:44:16",,"2024-07-06 12:44:16"
"617","109","265","0","0","2024-07-10 16:14:17",,"2024-07-10 16:14:17"
"618","73","266","0","0","2024-07-11 09:55:32",,"2024-07-11 09:55:32"
"619","73","266","0","0","2024-07-11 09:55:32",,"2024-07-11 09:55:32"
"620","73","266","0","0","2024-07-11 09:55:32",,"2024-07-11 09:55:32"
"621","73","266","0","0","2024-07-11 09:55:32",,"2024-07-11 09:55:32"
"622","73","266","0","0","2024-07-11 09:55:32",,"2024-07-11 09:55:32"
"623","73","266","0","0","2024-07-11 09:55:32",,"2024-07-11 09:55:32"
"624","73","266","0","0","2024-07-11 09:55:32",,"2024-07-11 09:55:32"
"625","73","266","0","0","2024-07-11 09:55:32",,"2024-07-11 09:55:32"
"626","73","266","0","0","2024-07-11 09:55:32",,"2024-07-11 09:55:32"
"627","73","266","0","0","2024-07-11 09:55:32",,"2024-07-11 09:55:32"
"628","140","267","0","0","2024-07-11 14:19:40",,"2024-07-11 14:19:40"
"629","140","267","0","0","2024-07-11 14:19:40",,"2024-07-11 14:19:40"
"630","140","267","0","0","2024-07-11 14:19:40",,"2024-07-11 14:19:40"
"631","140","267","0","0","2024-07-11 14:19:40",,"2024-07-11 14:19:40"
"632","140","267","0","0","2024-07-11 14:19:40",,"2024-07-11 14:19:40"
"633","140","267","0","0","2024-07-11 14:19:40",,"2024-07-11 14:19:40"
"634","140","267","0","0","2024-07-11 14:19:40",,"2024-07-11 14:19:40"
"635","135","268","0","0","2024-07-11 14:42:27",,"2024-07-11 14:42:27"
"636","135","268","0","0","2024-07-11 14:42:27",,"2024-07-11 14:42:27"
"637","135","268","0","0","2024-07-11 14:42:27",,"2024-07-11 14:42:27"
"638","135","268","0","0","2024-07-11 14:42:27",,"2024-07-11 14:42:27"
"639","135","268","0","0","2024-07-11 14:42:27",,"2024-07-11 14:42:27"
"640","135","268","0","0","2024-07-11 14:42:27",,"2024-07-11 14:42:27"
"641","135","268","0","0","2024-07-11 14:42:27",,"2024-07-11 14:42:27"
"642","135","268","0","0","2024-07-11 14:42:27",,"2024-07-11 14:42:27"
"643","135","268","0","0","2024-07-11 14:42:27",,"2024-07-11 14:42:27"
"644","135","268","0","0","2024-07-11 14:42:27",,"2024-07-11 14:42:27"
"645","135","268","0","0","2024-07-11 14:42:27",,"2024-07-11 14:42:27"
"646","135","268","0","0","2024-07-11 14:42:27",,"2024-07-11 14:42:27"
"647","135","268","0","0","2024-07-11 14:42:27",,"2024-07-11 14:42:27"
"648","135","268","0","0","2024-07-11 14:42:27",,"2024-07-11 14:42:27"
"649","135","268","0","0","2024-07-11 14:42:27",,"2024-07-11 14:42:27"
"650","135","268","0","0","2024-07-11 14:42:27",,"2024-07-11 14:42:27"
"651","135","268","0","0","2024-07-11 14:42:27",,"2024-07-11 14:42:27"
"652","135","268","0","0","2024-07-11 14:42:27",,"2024-07-11 14:42:27"
"653","141","269","0","0","2024-07-11 14:46:15",,"2024-07-11 14:46:15"
"654","141","269","0","0","2024-07-11 14:46:15",,"2024-07-11 14:46:15"
"655","141","269","0","0","2024-07-11 14:46:15",,"2024-07-11 14:46:15"
"656","141","269","0","0","2024-07-11 14:46:15",,"2024-07-11 14:46:15"
"657","141","269","0","0","2024-07-11 14:46:15",,"2024-07-11 14:46:15"
"658","142","270","0","0","2024-07-11 14:48:21",,"2024-07-11 14:48:21"
"659","142","270","0","0","2024-07-11 14:48:21",,"2024-07-11 14:48:21"
"660","142","270","0","0","2024-07-11 14:48:21",,"2024-07-11 14:48:21"
"661","143","271","0","0","2024-07-11 14:51:20",,"2024-07-11 14:51:20"
"662","135","272","0","0","2024-07-15 11:39:27",,"2024-07-15 11:39:27"
"663","135","272","0","0","2024-07-15 11:39:27",,"2024-07-15 11:39:27"
"664","135","272","0","0","2024-07-15 11:39:27",,"2024-07-15 11:39:27"
"665","135","272","0","0","2024-07-15 11:39:27",,"2024-07-15 11:39:27"
"666","135","272","0","0","2024-07-15 11:39:27",,"2024-07-15 11:39:27"
"667","135","272","0","0","2024-07-15 11:39:27",,"2024-07-15 11:39:27"
"668","135","272","0","0","2024-07-15 11:39:27",,"2024-07-15 11:39:27"
"669","135","272","0","0","2024-07-15 11:39:27",,"2024-07-15 11:39:27"
"670","135","272","0","0","2024-07-15 11:39:27",,"2024-07-15 11:39:27"
"671","135","272","0","0","2024-07-15 11:39:27",,"2024-07-15 11:39:27"
"672","135","272","0","0","2024-07-15 11:39:27",,"2024-07-15 11:39:27"
"673","135","272","0","0","2024-07-15 11:39:27",,"2024-07-15 11:39:27"
"674","135","272","0","0","2024-07-15 11:39:27",,"2024-07-15 11:39:27"
"675","135","272","0","0","2024-07-15 11:39:27",,"2024-07-15 11:39:27"
"676","135","272","0","0","2024-07-15 11:39:27",,"2024-07-15 11:39:27"
"677","135","272","0","0","2024-07-15 11:39:27",,"2024-07-15 11:39:27"
"678","135","272","0","0","2024-07-15 11:39:27",,"2024-07-15 11:39:27"
"679","135","272","0","0","2024-07-15 11:39:27",,"2024-07-15 11:39:27"
"680","83","273","0","0","2024-07-15 12:22:40",,"2024-07-15 12:22:40"
"681","83","273","0","0","2024-07-15 12:22:40",,"2024-07-15 12:22:40"
"682","83","273","0","0","2024-07-15 12:22:40",,"2024-07-15 12:22:40"
"683","83","273","0","0","2024-07-15 12:22:40",,"2024-07-15 12:22:40"
"684","83","273","0","0","2024-07-15 12:22:40",,"2024-07-15 12:22:40"
"685","83","273","0","0","2024-07-15 12:22:40",,"2024-07-15 12:22:40"
"686","83","273","0","0","2024-07-15 12:22:40",,"2024-07-15 12:22:40"
"687","83","273","0","0","2024-07-15 12:22:40",,"2024-07-15 12:22:40"
"688","83","273","0","0","2024-07-15 12:22:40",,"2024-07-15 12:22:40"
"689","83","273","0","0","2024-07-15 12:22:40",,"2024-07-15 12:22:40"
"690","60","274","0","0","2024-07-15 16:12:43",,"2024-07-15 16:12:43"
"691","60","274","0","0","2024-07-15 16:12:43",,"2024-07-15 16:12:43"
"692","60","274","0","0","2024-07-15 16:12:43",,"2024-07-15 16:12:43"
"693","60","274","0","0","2024-07-15 16:12:43",,"2024-07-15 16:12:43"
"694","60","274","0","0","2024-07-15 16:12:43",,"2024-07-15 16:12:43"
"695","144","275","0","0","2024-07-17 09:48:38",,"2024-07-17 09:48:38"
"696","144","275","0","0","2024-07-17 09:48:38",,"2024-07-17 09:48:38"
"697","144","275","0","0","2024-07-17 09:48:38",,"2024-07-17 09:48:38"
"698","144","275","0","0","2024-07-17 09:48:38",,"2024-07-17 09:48:38"
"699","144","275","0","0","2024-07-17 09:48:38",,"2024-07-17 09:48:38"
"700","144","275","0","0","2024-07-17 09:48:38",,"2024-07-17 09:48:38"
"701","144","275","0","0","2024-07-17 09:48:38",,"2024-07-17 09:48:38"
"702","144","275","0","0","2024-07-17 09:48:38",,"2024-07-17 09:48:38"
"703","144","275","0","0","2024-07-17 09:48:38",,"2024-07-17 09:48:38"
"704","144","275","0","0","2024-07-17 09:48:38",,"2024-07-17 09:48:38"
"705","144","275","0","0","2024-07-17 09:48:38",,"2024-07-17 09:48:38"
"706","144","275","0","0","2024-07-17 09:48:38",,"2024-07-17 09:48:38"
"707","145","276","0","0","2024-07-20 12:30:07",,"2024-07-20 12:30:07"
"708","145","276","0","0","2024-07-20 12:30:07",,"2024-07-20 12:30:07"
"709","145","277","0","0","2024-07-20 13:42:52",,"2024-07-20 13:42:52"
"710","142","278","0","0","2024-07-22 14:26:21",,"2024-07-22 14:26:21"
"711","142","278","0","0","2024-07-22 14:26:21",,"2024-07-22 14:26:21"
"712","135","279","0","0","2024-07-22 15:17:16",,"2024-07-22 15:17:16"
"713","135","279","0","0","2024-07-22 15:17:16",,"2024-07-22 15:17:16"
"714","135","279","0","0","2024-07-22 15:17:16",,"2024-07-22 15:17:16"
"715","135","279","0","0","2024-07-22 15:17:16",,"2024-07-22 15:17:16"
"716","78","280","0","0","2024-07-23 15:10:15",,"2024-07-23 15:10:15"
"717","78","280","0","0","2024-07-23 15:10:15",,"2024-07-23 15:10:15"
"718","78","280","0","0","2024-07-23 15:10:15",,"2024-07-23 15:10:15"
"719","78","280","0","0","2024-07-23 15:10:15",,"2024-07-23 15:10:15"
"720","78","280","0","0","2024-07-23 15:10:15",,"2024-07-23 15:10:15"
"721","78","280","0","0","2024-07-23 15:10:15",,"2024-07-23 15:10:15"
"722","78","280","0","0","2024-07-23 15:10:15",,"2024-07-23 15:10:15"
"723","78","280","0","0","2024-07-23 15:10:15",,"2024-07-23 15:10:15"
"724","78","280","0","0","2024-07-23 15:10:15",,"2024-07-23 15:10:15"
"725","73","281","0","0","2024-07-24 14:10:44",,"2024-07-24 14:10:44"
"726","73","281","0","0","2024-07-24 14:10:44",,"2024-07-24 14:10:44"
"727","73","281","0","0","2024-07-24 14:10:44",,"2024-07-24 14:10:44"
"728","73","281","0","0","2024-07-24 14:10:44",,"2024-07-24 14:10:44"
"729","73","281","0","0","2024-07-24 14:10:44",,"2024-07-24 14:10:44"
"730","61","282","0","0","2024-07-25 11:50:11",,"2024-07-25 11:50:11"
"731","61","282","0","0","2024-07-25 11:50:11",,"2024-07-25 11:50:11"
"732","115","283","0","0","2024-07-25 11:53:39",,"2024-07-25 11:53:39"
"733","109","284","0","0","2024-07-25 14:56:23",,"2024-07-25 14:56:23"
"734","109","284","0","0","2024-07-25 14:56:23",,"2024-07-25 14:56:23"
"735","109","284","0","0","2024-07-25 14:56:23",,"2024-07-25 14:56:23"
"736","109","284","0","0","2024-07-25 14:56:23",,"2024-07-25 14:56:23"
"737","109","284","0","0","2024-07-25 14:56:23",,"2024-07-25 14:56:23"
"738","114","285","0","0","2024-07-25 15:34:07",,"2024-07-25 15:34:07"
"739","146","286","0","0","2024-07-27 14:28:05",,"2024-07-27 14:28:05"
"740","146","286","0","0","2024-07-27 14:28:05",,"2024-07-27 14:28:05"
"741","147","287","0","0","2024-07-30 14:27:15",,"2024-07-30 14:27:15"
"742","52","288","0","0","2024-08-01 10:51:51",,"2024-08-01 10:51:51"
"743","52","289","0","0","2024-08-01 15:38:11",,"2024-08-01 15:38:11"
"744","142","290","0","0","2024-08-01 16:44:42",,"2024-08-01 16:44:42"
"745","142","290","0","0","2024-08-01 16:44:42",,"2024-08-01 16:44:42"
"746","142","290","0","0","2024-08-01 16:44:42",,"2024-08-01 16:44:42"
"747","142","290","0","0","2024-08-01 16:44:42",,"2024-08-01 16:44:42"
"748","142","290","0","0","2024-08-01 16:44:42",,"2024-08-01 16:44:42"
"749","142","290","0","0","2024-08-01 16:44:42",,"2024-08-01 16:44:42"
"750","142","290","0","0","2024-08-01 16:44:42",,"2024-08-01 16:44:42"
"751","142","290","0","0","2024-08-01 16:44:42",,"2024-08-01 16:44:42"
"752","124","291","0","0","2024-08-02 13:08:22",,"2024-08-02 13:08:22"
"753","124","291","0","0","2024-08-02 13:08:22",,"2024-08-02 13:08:22"
"754","124","291","0","0","2024-08-02 13:08:22",,"2024-08-02 13:08:22"
"755","124","291","0","0","2024-08-02 13:08:22",,"2024-08-02 13:08:22"
"756","124","291","0","0","2024-08-02 13:08:22",,"2024-08-02 13:08:22"
"757","124","291","0","0","2024-08-02 13:08:22",,"2024-08-02 13:08:22"
"758","124","291","0","0","2024-08-02 13:08:22",,"2024-08-02 13:08:22"
"759","124","292","0","0","2024-08-02 16:47:09",,"2024-08-02 16:47:09"
"760","124","292","0","0","2024-08-02 16:47:09",,"2024-08-02 16:47:09"
"761","124","292","0","0","2024-08-02 16:47:09",,"2024-08-02 16:47:09"
"762","124","292","0","0","2024-08-02 16:47:09",,"2024-08-02 16:47:09"
"763","118","293","0","0","2024-08-05 14:33:48",,"2024-08-05 14:33:48"
"764","118","293","0","0","2024-08-05 14:33:48",,"2024-08-05 14:33:48"
"765","118","293","0","0","2024-08-05 14:33:48",,"2024-08-05 14:33:48"
"766","118","293","0","0","2024-08-05 14:33:48",,"2024-08-05 14:33:48"
"767","132","294","0","0","2024-08-05 15:52:32",,"2024-08-05 15:52:32"
"768","132","294","0","0","2024-08-05 15:52:32",,"2024-08-05 15:52:32"
"769","132","294","0","0","2024-08-05 15:52:32",,"2024-08-05 15:52:32"
"770","132","294","0","0","2024-08-05 15:52:32",,"2024-08-05 15:52:32"
"771","132","294","0","0","2024-08-05 15:52:32",,"2024-08-05 15:52:32"
"772","52","295","0","0","2024-08-06 11:42:58",,"2024-08-06 11:42:58"
"773","78","296","0","0","2024-08-08 11:52:01",,"2024-08-08 11:52:01"
"774","78","296","0","0","2024-08-08 11:52:01",,"2024-08-08 11:52:01"
"775","78","296","0","0","2024-08-08 11:52:01",,"2024-08-08 11:52:01"
"776","78","296","0","0","2024-08-08 11:52:01",,"2024-08-08 11:52:01"
"777","78","296","0","0","2024-08-08 11:52:01",,"2024-08-08 11:52:01"
"778","78","296","0","0","2024-08-08 11:52:01",,"2024-08-08 11:52:01"
"779","78","296","0","0","2024-08-08 11:52:01",,"2024-08-08 11:52:01"
"780","88","297","0","0","2024-08-08 14:37:57",,"2024-08-08 14:37:57"
"781","142","298","0","0","2024-08-08 17:12:10",,"2024-08-08 17:12:10"
"782","142","298","0","0","2024-08-08 17:12:10",,"2024-08-08 17:12:10"
"783","142","298","0","0","2024-08-08 17:12:10",,"2024-08-08 17:12:10"
"784","142","298","0","0","2024-08-08 17:12:10",,"2024-08-08 17:12:10"
"785","142","298","0","0","2024-08-08 17:12:10",,"2024-08-08 17:12:10"
"786","125","299","0","0","2024-08-09 15:37:24",,"2024-08-09 15:37:24"
"787","148","300","0","0","2024-08-12 12:37:31",,"2024-08-12 12:37:31"
"788","148","300","0","0","2024-08-12 12:37:31",,"2024-08-12 12:37:31"
"789","148","300","0","0","2024-08-12 12:37:31",,"2024-08-12 12:37:31"
"790","148","300","0","0","2024-08-12 12:37:31",,"2024-08-12 12:37:31"
"791","148","300","0","0","2024-08-12 12:37:31",,"2024-08-12 12:37:31"
"792","148","300","0","0","2024-08-12 12:37:31",,"2024-08-12 12:37:31"
"793","148","300","0","0","2024-08-12 12:37:31",,"2024-08-12 12:37:31"
"794","148","300","0","0","2024-08-12 12:37:31",,"2024-08-12 12:37:31"
"795","148","300","0","0","2024-08-12 12:37:31",,"2024-08-12 12:37:31"
"796","144","301","0","0","2024-08-13 12:31:07",,"2024-08-13 12:31:07"
"797","144","301","0","0","2024-08-13 12:31:07",,"2024-08-13 12:31:07"
"798","144","302","0","0","2024-08-13 12:39:32",,"2024-08-13 12:39:32"
"799","144","302","0","0","2024-08-13 12:39:32",,"2024-08-13 12:39:32"
"800","144","302","0","0","2024-08-13 12:39:32",,"2024-08-13 12:39:32"
"801","142","303","0","0","2024-08-16 11:33:52",,"2024-08-16 11:33:52"
"802","142","303","0","0","2024-08-16 11:33:52",,"2024-08-16 11:33:52"
"803","114","304","0","0","2024-08-19 12:26:20",,"2024-08-19 12:26:20"
"804","114","304","0","0","2024-08-19 12:26:20",,"2024-08-19 12:26:20"
"805","114","304","0","0","2024-08-19 12:26:20",,"2024-08-19 12:26:20"
"806","114","304","0","0","2024-08-19 12:26:20",,"2024-08-19 12:26:20"
"807","132","305","0","0","2024-08-19 13:12:21",,"2024-08-19 13:12:21"
"808","132","305","0","0","2024-08-19 13:12:21",,"2024-08-19 13:12:21"
"809","132","305","0","0","2024-08-19 13:12:21",,"2024-08-19 13:12:21"
"810","132","305","0","0","2024-08-19 13:12:21",,"2024-08-19 13:12:21"
"811","69","306","0","0","2024-08-19 16:11:18",,"2024-08-19 16:11:18"
"812","69","306","0","0","2024-08-19 16:11:18",,"2024-08-19 16:11:18"
"813","69","306","0","0","2024-08-19 16:11:18",,"2024-08-19 16:11:18"
"814","69","307","0","0","2024-08-20 17:20:30",,"2024-08-20 17:20:30"
"815","69","307","0","0","2024-08-20 17:20:30",,"2024-08-20 17:20:30"
"816","69","307","0","0","2024-08-20 17:20:30",,"2024-08-20 17:20:30"
"817","69","307","0","0","2024-08-20 17:20:30",,"2024-08-20 17:20:30"
"818","69","307","0","0","2024-08-20 17:20:30",,"2024-08-20 17:20:30"
"819","69","307","0","0","2024-08-20 17:20:30",,"2024-08-20 17:20:30"
"820","0","308","0","0","2024-08-21 15:33:41",,"2024-08-21 15:33:41"
"821","149","309","0","0","2024-08-21 16:26:26",,"2024-08-21 16:26:26"
"822","149","309","0","0","2024-08-21 16:26:26",,"2024-08-21 16:26:26"
"823","149","309","0","0","2024-08-21 16:26:26",,"2024-08-21 16:26:26"
"824","149","309","0","0","2024-08-21 16:26:26",,"2024-08-21 16:26:26"
"825","149","309","0","0","2024-08-21 16:26:26",,"2024-08-21 16:26:26"
"826","149","309","0","0","2024-08-21 16:26:26",,"2024-08-21 16:26:26"
"827","146","310","0","0","2024-08-21 17:16:15",,"2024-08-21 17:16:15"
"828","146","310","0","0","2024-08-21 17:16:15",,"2024-08-21 17:16:15"
"829","146","310","0","0","2024-08-21 17:16:15",,"2024-08-21 17:16:15"
"830","146","311","0","0","2024-08-21 17:18:07",,"2024-08-21 17:18:07"
"831","146","311","0","0","2024-08-21 17:18:07",,"2024-08-21 17:18:07"
"832","146","311","0","0","2024-08-21 17:18:07",,"2024-08-21 17:18:07"
"833","146","311","0","0","2024-08-21 17:18:07",,"2024-08-21 17:18:07"
"834","146","311","0","0","2024-08-21 17:18:07",,"2024-08-21 17:18:07"
"835","69","312","0","0","2024-08-27 12:38:14",,"2024-08-27 12:38:14"
"836","69","312","0","0","2024-08-27 12:38:14",,"2024-08-27 12:38:14"
"837","142","313","0","0","2024-08-28 17:52:33",,"2024-08-28 17:52:33"
"838","142","313","0","0","2024-08-28 17:52:33",,"2024-08-28 17:52:33"
"839","142","313","0","0","2024-08-28 17:52:33",,"2024-08-28 17:52:33"
"840","142","313","0","0","2024-08-28 17:52:33",,"2024-08-28 17:52:33"
"841","142","313","0","0","2024-08-28 17:52:33",,"2024-08-28 17:52:33"
"842","0","314","0","0","2024-08-29 11:05:50",,"2024-08-29 11:05:50"
"843","0","314","0","0","2024-08-29 11:05:50",,"2024-08-29 11:05:50"
"844","0","314","0","0","2024-08-29 11:05:50",,"2024-08-29 11:05:50"
"845","73","315","0","0","2024-08-29 16:13:41",,"2024-08-29 16:13:41"
"846","73","315","0","0","2024-08-29 16:13:41",,"2024-08-29 16:13:41"
"847","73","315","0","0","2024-08-29 16:13:41",,"2024-08-29 16:13:41"
"848","73","315","0","0","2024-08-29 16:13:41",,"2024-08-29 16:13:41"
"849","73","315","0","0","2024-08-29 16:13:41",,"2024-08-29 16:13:41"
"850","73","315","0","0","2024-08-29 16:13:41",,"2024-08-29 16:13:41"
"851","73","315","0","0","2024-08-29 16:13:41",,"2024-08-29 16:13:41"
"852","73","315","0","0","2024-08-29 16:13:41",,"2024-08-29 16:13:41"
"853","114","316","0","0","2024-08-29 17:24:44",,"2024-08-29 17:24:44"
"854","114","316","0","0","2024-08-29 17:24:44",,"2024-08-29 17:24:44"
"855","114","316","0","0","2024-08-29 17:24:44",,"2024-08-29 17:24:44"
"856","0","317","0","0","2024-08-30 12:46:32",,"2024-08-30 12:46:32"
"857","0","317","0","0","2024-08-30 12:46:32",,"2024-08-30 12:46:32"
"858","0","317","0","0","2024-08-30 12:46:32",,"2024-08-30 12:46:32"
"859","0","317","0","0","2024-08-30 12:46:32",,"2024-08-30 12:46:32"
"860","151","318","0","0","2024-08-30 17:27:11",,"2024-08-30 17:27:11"
"861","151","318","0","0","2024-08-30 17:27:11",,"2024-08-30 17:27:11"
"862","0","319","0","0","2024-09-02 13:31:20",,"2024-09-02 13:31:20"
"863","0","319","0","0","2024-09-02 13:31:20",,"2024-09-02 13:31:20"
"864","154","320","0","0","2024-09-04 11:22:59",,"2024-09-04 11:22:59"
"865","154","320","0","0","2024-09-04 11:22:59",,"2024-09-04 11:22:59"
"866","114","321","0","0","2024-09-04 16:41:33",,"2024-09-04 16:41:33"
"867","114","321","0","0","2024-09-04 16:41:33",,"2024-09-04 16:41:33"
"868","114","321","0","0","2024-09-04 16:41:33",,"2024-09-04 16:41:33"
"869","114","321","0","0","2024-09-04 16:41:33",,"2024-09-04 16:41:33"
"870","153","322","0","0","2024-09-06 13:50:35",,"2024-09-06 13:50:35"
"871","155","323","0","0","2024-09-10 11:07:35",,"2024-09-10 11:07:35"
"872","155","323","0","0","2024-09-10 11:07:35",,"2024-09-10 11:07:35"
"873","155","323","0","0","2024-09-10 11:07:35",,"2024-09-10 11:07:35"
"874","155","323","0","0","2024-09-10 11:07:35",,"2024-09-10 11:07:35"
"875","155","323","0","0","2024-09-10 11:07:35",,"2024-09-10 11:07:35"
"876","155","323","0","0","2024-09-10 11:07:35",,"2024-09-10 11:07:35"
"877","155","323","0","0","2024-09-10 11:07:35",,"2024-09-10 11:07:35"
"878","155","323","0","0","2024-09-10 11:07:35",,"2024-09-10 11:07:35"
"879","155","323","0","0","2024-09-10 11:07:35",,"2024-09-10 11:07:35"
"880","155","323","0","0","2024-09-10 11:07:35",,"2024-09-10 11:07:35"
"881","155","323","0","0","2024-09-10 11:07:35",,"2024-09-10 11:07:35"
"882","137","324","0","0","2024-09-23 10:05:36",,"2024-09-23 10:05:36"
"883","137","324","0","0","2024-09-23 10:05:36",,"2024-09-23 10:05:36"
"884","137","324","0","0","2024-09-23 10:05:36",,"2024-09-23 10:05:36"
"885","137","324","0","0","2024-09-23 10:05:36",,"2024-09-23 10:05:36"
"886","137","324","0","0","2024-09-23 10:05:36",,"2024-09-23 10:05:36"
"887","137","324","0","0","2024-09-23 10:05:36",,"2024-09-23 10:05:36"
"888","137","324","0","0","2024-09-23 10:05:36",,"2024-09-23 10:05:36"
"889","137","324","0","0","2024-09-23 10:05:36",,"2024-09-23 10:05:36"
"890","137","324","0","0","2024-09-23 10:05:36",,"2024-09-23 10:05:36"
"891","137","324","0","0","2024-09-23 10:05:36",,"2024-09-23 10:05:36"
"892","137","324","0","0","2024-09-23 10:05:36",,"2024-09-23 10:05:36"
"893","114","325","0","0","2024-09-23 10:07:48",,"2024-09-23 10:07:48"
"894","114","325","0","0","2024-09-23 10:07:48",,"2024-09-23 10:07:48"
"895","156","326","0","0","2024-09-23 10:14:09",,"2024-09-23 10:14:09"
"896","156","326","0","0","2024-09-23 10:14:09",,"2024-09-23 10:14:09"
"897","156","326","0","0","2024-09-23 10:14:09",,"2024-09-23 10:14:09"
"898","156","326","0","0","2024-09-23 10:14:09",,"2024-09-23 10:14:09"
"899","156","326","0","0","2024-09-23 10:14:09",,"2024-09-23 10:14:09"
"900","156","326","0","0","2024-09-23 10:14:09",,"2024-09-23 10:14:09"
"901","156","326","0","0","2024-09-23 10:14:09",,"2024-09-23 10:14:09"
"902","156","326","0","0","2024-09-23 10:14:09",,"2024-09-23 10:14:09"
"903","156","326","0","0","2024-09-23 10:14:09",,"2024-09-23 10:14:09"
"904","156","326","0","0","2024-09-23 10:14:09",,"2024-09-23 10:14:09"
"905","156","326","0","0","2024-09-23 10:14:09",,"2024-09-23 10:14:09"
"906","157","327","0","0","2024-09-23 10:55:43",,"2024-09-23 10:55:43"
"907","157","327","0","0","2024-09-23 10:55:43",,"2024-09-23 10:55:43"
"908","157","327","0","0","2024-09-23 10:55:43",,"2024-09-23 10:55:43"
"909","157","327","0","0","2024-09-23 10:55:43",,"2024-09-23 10:55:43"
"910","114","328","0","0","2024-09-23 11:49:25",,"2024-09-23 11:49:25"
"911","114","328","0","0","2024-09-23 11:49:25",,"2024-09-23 11:49:25"
"912","114","328","0","0","2024-09-23 11:49:25",,"2024-09-23 11:49:25"
"913","114","328","0","0","2024-09-23 11:49:25",,"2024-09-23 11:49:25"
"914","114","328","0","0","2024-09-23 11:49:25",,"2024-09-23 11:49:25"
"915","114","328","0","0","2024-09-23 11:49:25",,"2024-09-23 11:49:25"
"916","114","328","0","0","2024-09-23 11:49:25",,"2024-09-23 11:49:25"
"917","114","328","0","0","2024-09-23 11:49:25",,"2024-09-23 11:49:25"
"918","114","328","0","0","2024-09-23 11:49:25",,"2024-09-23 11:49:25"
"919","114","328","0","0","2024-09-23 11:49:25",,"2024-09-23 11:49:25"
"920","114","328","0","0","2024-09-23 11:49:25",,"2024-09-23 11:49:25"
"921","114","328","0","0","2024-09-23 11:49:25",,"2024-09-23 11:49:25"
"922","114","328","0","0","2024-09-23 11:49:25",,"2024-09-23 11:49:25"
"923","114","328","0","0","2024-09-23 11:49:25",,"2024-09-23 11:49:25"
"924","114","328","0","0","2024-09-23 11:49:25",,"2024-09-23 11:49:25"
"925","114","328","0","0","2024-09-23 11:49:25",,"2024-09-23 11:49:25"
"926","114","328","0","0","2024-09-23 11:49:25",,"2024-09-23 11:49:25"
"927","114","328","0","0","2024-09-23 11:49:25",,"2024-09-23 11:49:25"
"928","114","328","0","0","2024-09-23 11:49:25",,"2024-09-23 11:49:25"
"929","114","328","0","0","2024-09-23 11:49:25",,"2024-09-23 11:49:25"
"930","114","328","0","0","2024-09-23 11:49:25",,"2024-09-23 11:49:25"
"931","114","328","0","0","2024-09-23 11:49:25",,"2024-09-23 11:49:25"
"932","114","328","0","0","2024-09-23 11:49:25",,"2024-09-23 11:49:25"
"933","148","329","0","0","2024-09-23 12:09:56",,"2024-09-23 12:09:56"
"934","148","329","0","0","2024-09-23 12:09:56",,"2024-09-23 12:09:56"
"935","148","329","0","0","2024-09-23 12:09:56",,"2024-09-23 12:09:56"
"936","148","329","0","0","2024-09-23 12:09:56",,"2024-09-23 12:09:56"
"937","148","329","0","0","2024-09-23 12:09:56",,"2024-09-23 12:09:56"
"938","148","329","0","0","2024-09-23 12:09:56",,"2024-09-23 12:09:56"
"939","148","329","0","0","2024-09-23 12:09:56",,"2024-09-23 12:09:56"
"940","148","329","0","0","2024-09-23 12:09:56",,"2024-09-23 12:09:56"
"941","148","329","0","0","2024-09-23 12:09:56",,"2024-09-23 12:09:56"
"942","148","329","0","0","2024-09-23 12:09:56",,"2024-09-23 12:09:56"
"943","148","329","0","0","2024-09-23 12:09:56",,"2024-09-23 12:09:56"
"944","148","329","0","0","2024-09-23 12:09:56",,"2024-09-23 12:09:56"
"945","148","329","0","0","2024-09-23 12:09:56",,"2024-09-23 12:09:56"
"946","148","329","0","0","2024-09-23 12:09:56",,"2024-09-23 12:09:56"
"947","148","329","0","0","2024-09-23 12:09:56",,"2024-09-23 12:09:56"
"948","132","330","0","0","2024-09-24 15:30:59",,"2024-09-24 15:30:59"
"949","132","330","0","0","2024-09-24 15:30:59",,"2024-09-24 15:30:59"
"950","142","331","0","0","2024-09-26 14:52:27",,"2024-09-26 14:52:27"
"951","142","331","0","0","2024-09-26 14:52:27",,"2024-09-26 14:52:27"
"952","142","331","0","0","2024-09-26 14:52:27",,"2024-09-26 14:52:27"
"953","142","331","0","0","2024-09-26 14:52:27",,"2024-09-26 14:52:27"
"954","142","331","0","0","2024-09-26 14:52:27",,"2024-09-26 14:52:27"
"955","142","331","0","0","2024-09-26 14:52:27",,"2024-09-26 14:52:27"
"956","142","331","0","0","2024-09-26 14:52:27",,"2024-09-26 14:52:27"
"957","142","331","0","0","2024-09-26 14:52:27",,"2024-09-26 14:52:27"
"958","142","331","0","0","2024-09-26 14:52:27",,"2024-09-26 14:52:27"
"959","142","331","0","0","2024-09-26 14:52:27",,"2024-09-26 14:52:27"
"960","87","332","0","0","2024-09-26 16:32:16",,"2024-09-26 16:32:16"
"961","87","332","0","0","2024-09-26 16:32:16",,"2024-09-26 16:32:16"
"962","87","332","0","0","2024-09-26 16:32:16",,"2024-09-26 16:32:16"
"963","87","332","0","0","2024-09-26 16:32:16",,"2024-09-26 16:32:16"
"964","87","332","0","0","2024-09-26 16:32:16",,"2024-09-26 16:32:16"
"965","87","332","0","0","2024-09-26 16:32:16",,"2024-09-26 16:32:16"
"966","122","333","0","0","2024-09-27 14:58:51",,"2024-09-27 14:58:51"
"967","122","333","0","0","2024-09-27 14:58:51",,"2024-09-27 14:58:51"
"968","122","333","0","0","2024-09-27 14:58:51",,"2024-09-27 14:58:51"
"969","114","334","0","0","2024-09-28 14:34:44",,"2024-09-28 14:34:44"
"970","114","334","0","0","2024-09-28 14:34:44",,"2024-09-28 14:34:44"
"971","114","334","0","0","2024-09-28 14:34:44",,"2024-09-28 14:34:44"
"972","114","334","0","0","2024-09-28 14:34:44",,"2024-09-28 14:34:44"
"973","114","334","0","0","2024-09-28 14:34:44",,"2024-09-28 14:34:44"
"974","151","335","0","0","2024-09-30 14:42:06",,"2024-09-30 14:42:06"
"975","0","336","0","0","2024-10-02 16:12:58",,"2024-10-02 16:12:58"
"976","0","336","0","0","2024-10-02 16:12:58",,"2024-10-02 16:12:58"
"977","0","336","0","0","2024-10-02 16:12:58",,"2024-10-02 16:12:58"
"978","0","336","0","0","2024-10-02 16:12:58",,"2024-10-02 16:12:58"
"979","0","336","0","0","2024-10-02 16:12:58",,"2024-10-02 16:12:58"
"980","0","336","0","0","2024-10-02 16:12:58",,"2024-10-02 16:12:58"
"981","0","336","0","0","2024-10-02 16:12:58",,"2024-10-02 16:12:58"
"982","0","336","0","0","2024-10-02 16:12:58",,"2024-10-02 16:12:58"
"983","0","336","0","0","2024-10-02 16:12:58",,"2024-10-02 16:12:58"
"984","0","336","0","0","2024-10-02 16:12:58",,"2024-10-02 16:12:58"
"985","0","336","0","0","2024-10-02 16:12:58",,"2024-10-02 16:12:58"
"986","151","337","0","0","2024-10-08 09:52:16",,"2024-10-08 09:52:16"
"987","151","337","0","0","2024-10-08 09:52:16",,"2024-10-08 09:52:16"
"988","151","337","0","0","2024-10-08 09:52:16",,"2024-10-08 09:52:16"
"989","151","337","0","0","2024-10-08 09:52:16",,"2024-10-08 09:52:16"
"990","151","337","0","0","2024-10-08 09:52:16",,"2024-10-08 09:52:16"
"991","151","337","0","0","2024-10-08 09:52:16",,"2024-10-08 09:52:16"
"992","151","337","0","0","2024-10-08 09:52:16",,"2024-10-08 09:52:16"
"993","123","338","0","0","2024-10-08 12:38:15",,"2024-10-08 12:38:15"
"994","123","338","0","0","2024-10-08 12:38:15",,"2024-10-08 12:38:15"
"995","123","338","0","0","2024-10-08 12:38:15",,"2024-10-08 12:38:15"
"996","123","339","0","0","2024-10-08 14:18:07",,"2024-10-08 14:18:07"
"997","123","339","0","0","2024-10-08 14:18:07",,"2024-10-08 14:18:07"
"998","123","339","0","0","2024-10-08 14:18:07",,"2024-10-08 14:18:07"
"999","123","339","0","0","2024-10-08 14:18:07",,"2024-10-08 14:18:07"
"1000","123","339","0","0","2024-10-08 14:18:07",,"2024-10-08 14:18:07"
"1001","123","340","0","0","2024-10-10 14:19:59",,"2024-10-10 14:19:59"
"1002","123","340","0","0","2024-10-10 14:19:59",,"2024-10-10 14:19:59"
"1003","123","340","0","0","2024-10-10 14:19:59",,"2024-10-10 14:19:59"
"1004","123","340","0","0","2024-10-10 14:19:59",,"2024-10-10 14:19:59"
"1005","123","340","0","0","2024-10-10 14:19:59",,"2024-10-10 14:19:59"
"1006","123","340","0","0","2024-10-10 14:19:59",,"2024-10-10 14:19:59"
"1007","123","340","0","0","2024-10-10 14:19:59",,"2024-10-10 14:19:59"
"1008","123","340","0","0","2024-10-10 14:19:59",,"2024-10-10 14:19:59"
"1009","123","340","0","0","2024-10-10 14:19:59",,"2024-10-10 14:19:59"
"1010","123","340","0","0","2024-10-10 14:19:59",,"2024-10-10 14:19:59"
"1011","123","340","0","0","2024-10-10 14:19:59",,"2024-10-10 14:19:59"
"1012","123","340","0","0","2024-10-10 14:19:59",,"2024-10-10 14:19:59"
"1013","123","340","0","0","2024-10-10 14:19:59",,"2024-10-10 14:19:59"
"1014","123","340","0","0","2024-10-10 14:19:59",,"2024-10-10 14:19:59"
"1015","123","340","0","0","2024-10-10 14:19:59",,"2024-10-10 14:19:59"
"1016","123","340","0","0","2024-10-10 14:19:59",,"2024-10-10 14:19:59"
"1017","123","340","0","0","2024-10-10 14:19:59",,"2024-10-10 14:19:59"
"1018","123","340","0","0","2024-10-10 14:19:59",,"2024-10-10 14:19:59"
"1019","123","340","0","0","2024-10-10 14:19:59",,"2024-10-10 14:19:59"
"1020","114","341","0","0","2024-10-10 17:17:33",,"2024-10-10 17:17:33"
"1021","114","341","0","0","2024-10-10 17:17:33",,"2024-10-10 17:17:33"
"1022","114","341","0","0","2024-10-10 17:17:33",,"2024-10-10 17:17:33"
"1023","73","342","0","0","2024-10-11 17:55:48",,"2024-10-11 17:55:48"
"1024","73","342","0","0","2024-10-11 17:55:48",,"2024-10-11 17:55:48"
"1025","73","342","0","0","2024-10-11 17:55:48",,"2024-10-11 17:55:48"
"1026","73","342","0","0","2024-10-11 17:55:48",,"2024-10-11 17:55:48"
"1027","73","342","0","0","2024-10-11 17:55:48",,"2024-10-11 17:55:48"
"1028","73","342","0","0","2024-10-11 17:55:48",,"2024-10-11 17:55:48"
"1029","63","343","0","0","2024-10-12 16:26:22",,"2024-10-12 16:26:22"
"1030","63","343","0","0","2024-10-12 16:26:22",,"2024-10-12 16:26:22"
"1031","118","344","0","0","2024-10-14 16:14:50",,"2024-10-14 16:14:50"
"1032","118","344","0","0","2024-10-14 16:14:50",,"2024-10-14 16:14:50"
"1033","118","344","0","0","2024-10-14 16:14:50",,"2024-10-14 16:14:50"
"1034","118","344","0","0","2024-10-14 16:14:50",,"2024-10-14 16:14:50"
"1035","118","344","0","0","2024-10-14 16:14:50",,"2024-10-14 16:14:50"
"1036","160","345","0","0","2024-10-15 14:46:18",,"2024-10-15 14:46:18"
"1037","160","345","0","0","2024-10-15 14:46:18",,"2024-10-15 14:46:18"
"1038","160","345","0","0","2024-10-15 14:46:18",,"2024-10-15 14:46:18"
"1039","160","345","0","0","2024-10-15 14:46:18",,"2024-10-15 14:46:18"
"1040","160","345","0","0","2024-10-15 14:46:18",,"2024-10-15 14:46:18"
"1041","160","345","0","0","2024-10-15 14:46:18",,"2024-10-15 14:46:18"
"1042","160","345","0","0","2024-10-15 14:46:18",,"2024-10-15 14:46:18"
"1043","160","345","0","0","2024-10-15 14:46:18",,"2024-10-15 14:46:18"
"1044","160","345","0","0","2024-10-15 14:46:18",,"2024-10-15 14:46:18"
"1045","160","345","0","0","2024-10-15 14:46:18",,"2024-10-15 14:46:18"
"1046","160","345","0","0","2024-10-15 14:46:18",,"2024-10-15 14:46:18"
"1047","160","345","0","0","2024-10-15 14:46:18",,"2024-10-15 14:46:18"
"1048","160","345","0","0","2024-10-15 14:46:18",,"2024-10-15 14:46:18"
"1049","160","345","0","0","2024-10-15 14:46:18",,"2024-10-15 14:46:18"
"1050","160","345","0","0","2024-10-15 14:46:18",,"2024-10-15 14:46:18"
"1051","160","345","0","0","2024-10-15 14:46:18",,"2024-10-15 14:46:18"
"1052","160","345","0","0","2024-10-15 14:46:18",,"2024-10-15 14:46:18"
"1053","160","345","0","0","2024-10-15 14:46:18",,"2024-10-15 14:46:18"
"1054","160","345","0","0","2024-10-15 14:46:18",,"2024-10-15 14:46:18"
"1055","160","346","0","0","2024-10-15 15:00:58",,"2024-10-15 15:00:58"
"1056","160","346","0","0","2024-10-15 15:00:58",,"2024-10-15 15:00:58"
"1057","160","346","0","0","2024-10-15 15:00:58",,"2024-10-15 15:00:58"
"1058","160","346","0","0","2024-10-15 15:00:58",,"2024-10-15 15:00:58"
"1059","160","346","0","0","2024-10-15 15:00:58",,"2024-10-15 15:00:58"
"1060","160","346","0","0","2024-10-15 15:00:58",,"2024-10-15 15:00:58"
"1061","160","346","0","0","2024-10-15 15:00:58",,"2024-10-15 15:00:58"
"1062","160","346","0","0","2024-10-15 15:00:58",,"2024-10-15 15:00:58"
"1063","160","346","0","0","2024-10-15 15:00:58",,"2024-10-15 15:00:58"
"1064","160","347","0","0","2024-10-15 15:51:45",,"2024-10-15 15:51:45"
"1065","160","347","0","0","2024-10-15 15:51:45",,"2024-10-15 15:51:45"
"1066","160","347","0","0","2024-10-15 15:51:45",,"2024-10-15 15:51:45"
"1067","160","348","0","0","2024-10-16 14:28:25",,"2024-10-16 14:28:25"
"1068","162","349","0","0","2024-10-18 11:57:40",,"2024-10-18 11:57:40"
"1069","160","350","0","0","2024-10-22 13:13:04",,"2024-10-22 13:13:04"
"1070","160","350","0","0","2024-10-22 13:13:04",,"2024-10-22 13:13:04"
"1071","123","351","0","0","2024-10-22 14:59:01",,"2024-10-22 14:59:01"
"1072","123","351","0","0","2024-10-22 14:59:01",,"2024-10-22 14:59:01"
"1073","123","351","0","0","2024-10-22 14:59:01",,"2024-10-22 14:59:01"
"1074","123","351","0","0","2024-10-22 14:59:01",,"2024-10-22 14:59:01"
"1075","123","351","0","0","2024-10-22 14:59:01",,"2024-10-22 14:59:01"
"1076","163","352","0","0","2024-10-24 11:45:54",,"2024-10-24 11:45:54"
"1077","163","352","0","0","2024-10-24 11:45:54",,"2024-10-24 11:45:54"
"1078","163","352","0","0","2024-10-24 11:45:54",,"2024-10-24 11:45:54"
"1079","163","352","0","0","2024-10-24 11:45:54",,"2024-10-24 11:45:54"
"1080","163","352","0","0","2024-10-24 11:45:54",,"2024-10-24 11:45:54"
"1081","122","353","0","0","2024-10-24 15:33:57",,"2024-10-24 15:33:57"
"1082","122","353","0","0","2024-10-24 15:33:57",,"2024-10-24 15:33:57"
"1083","122","353","0","0","2024-10-24 15:33:57",,"2024-10-24 15:33:57"
"1084","122","353","0","0","2024-10-24 15:33:57",,"2024-10-24 15:33:57"
"1085","122","353","0","0","2024-10-24 15:33:57",,"2024-10-24 15:33:57"
"1086","161","354","0","0","2024-10-26 11:39:44",,"2024-10-26 11:39:44"
"1087","161","354","0","0","2024-10-26 11:39:44",,"2024-10-26 11:39:44"
"1088","161","354","0","0","2024-10-26 11:39:44",,"2024-10-26 11:39:44"
"1089","161","355","0","0","2024-10-26 15:02:55",,"2024-10-26 15:02:55"
"1090","164","356","0","0","2024-10-28 10:52:31",,"2024-10-28 10:52:31"
"1091","164","357","0","0","2024-10-28 10:55:19",,"2024-10-28 10:55:19"
"1092","165","358","0","0","2024-10-29 14:40:40",,"2024-10-29 14:40:40"
"1093","114","359","0","0","2024-11-02 15:41:52",,"2024-11-02 15:41:52"
"1094","114","359","0","0","2024-11-02 15:41:52",,"2024-11-02 15:41:52"
"1095","151","360","0","0","2024-11-05 10:06:56",,"2024-11-05 10:06:56"
"1096","151","360","0","0","2024-11-05 10:06:56",,"2024-11-05 10:06:56"
"1097","151","360","0","0","2024-11-05 10:06:56",,"2024-11-05 10:06:56"
"1098","151","361","0","0","2024-11-05 11:25:49",,"2024-11-05 11:25:49"
"1099","151","361","0","0","2024-11-05 11:25:49",,"2024-11-05 11:25:49"
"1100","151","361","0","0","2024-11-05 11:25:49",,"2024-11-05 11:25:49"
"1101","151","361","0","0","2024-11-05 11:25:49",,"2024-11-05 11:25:49"
"1102","151","361","0","0","2024-11-05 11:25:49",,"2024-11-05 11:25:49"
"1103","151","361","0","0","2024-11-05 11:25:49",,"2024-11-05 11:25:49"
"1104","151","362","0","0","2024-11-05 11:29:14",,"2024-11-05 11:29:14"
"1105","151","362","0","0","2024-11-05 11:29:14",,"2024-11-05 11:29:14"
"1106","151","362","0","0","2024-11-05 11:29:14",,"2024-11-05 11:29:14"
"1107","151","362","0","0","2024-11-05 11:29:14",,"2024-11-05 11:29:14"
"1108","151","362","0","0","2024-11-05 11:29:14",,"2024-11-05 11:29:14"
"1109","151","362","0","0","2024-11-05 11:29:14",,"2024-11-05 11:29:14"
"1110","151","362","0","0","2024-11-05 11:29:14",,"2024-11-05 11:29:14"
"1111","151","362","0","0","2024-11-05 11:29:14",,"2024-11-05 11:29:14"
"1112","151","362","0","0","2024-11-05 11:29:14",,"2024-11-05 11:29:14"
"1113","151","363","0","0","2024-11-05 11:41:13",,"2024-11-05 11:41:13"
"1114","164","364","0","0","2024-11-07 10:13:09",,"2024-11-07 10:13:09"
"1115","164","364","0","0","2024-11-07 10:13:09",,"2024-11-07 10:13:09"
"1116","164","364","0","0","2024-11-07 10:13:09",,"2024-11-07 10:13:09"
"1117","164","364","0","0","2024-11-07 10:13:09",,"2024-11-07 10:13:09"
"1118","164","364","0","0","2024-11-07 10:13:09",,"2024-11-07 10:13:09"
"1119","164","364","0","0","2024-11-07 10:13:09",,"2024-11-07 10:13:09"
"1120","164","364","0","0","2024-11-07 10:13:09",,"2024-11-07 10:13:09"
"1121","164","364","0","0","2024-11-07 10:13:09",,"2024-11-07 10:13:09"
"1122","164","364","0","0","2024-11-07 10:13:09",,"2024-11-07 10:13:09"
"1123","164","364","0","0","2024-11-07 10:13:09",,"2024-11-07 10:13:09"
"1124","164","364","0","0","2024-11-07 10:13:09",,"2024-11-07 10:13:09"
"1125","164","364","0","0","2024-11-07 10:13:09",,"2024-11-07 10:13:09"
"1126","164","364","0","0","2024-11-07 10:13:09",,"2024-11-07 10:13:09"
"1127","164","364","0","0","2024-11-07 10:13:09",,"2024-11-07 10:13:09"
"1128","164","364","0","0","2024-11-07 10:13:09",,"2024-11-07 10:13:09"
"1129","164","364","0","0","2024-11-07 10:13:09",,"2024-11-07 10:13:09"
"1130","164","364","0","0","2024-11-07 10:13:09",,"2024-11-07 10:13:09"
"1131","164","364","0","0","2024-11-07 10:13:09",,"2024-11-07 10:13:09"
"1132","164","364","0","0","2024-11-07 10:13:09",,"2024-11-07 10:13:09"
"1133","123","365","0","0","2024-11-08 14:31:58",,"2024-11-08 14:31:58"
"1134","123","365","0","0","2024-11-08 14:31:58",,"2024-11-08 14:31:58"
"1135","123","365","0","0","2024-11-08 14:31:58",,"2024-11-08 14:31:58"
"1136","123","365","0","0","2024-11-08 14:31:58",,"2024-11-08 14:31:58"
"1137","123","365","0","0","2024-11-08 14:31:58",,"2024-11-08 14:31:58"
"1138","123","365","0","0","2024-11-08 14:31:58",,"2024-11-08 14:31:58"
"1139","123","365","0","0","2024-11-08 14:31:58",,"2024-11-08 14:31:58"
"1140","123","365","0","0","2024-11-08 14:31:58",,"2024-11-08 14:31:58"
"1141","123","365","0","0","2024-11-08 14:31:58",,"2024-11-08 14:31:58"
"1142","123","365","0","0","2024-11-08 14:31:58",,"2024-11-08 14:31:58"
"1143","123","365","0","0","2024-11-08 14:31:58",,"2024-11-08 14:31:58"
"1144","123","365","0","0","2024-11-08 14:31:58",,"2024-11-08 14:31:58"
"1145","123","365","0","0","2024-11-08 14:31:58",,"2024-11-08 14:31:58"
"1146","123","365","0","0","2024-11-08 14:31:58",,"2024-11-08 14:31:58"
"1147","123","365","0","0","2024-11-08 14:31:58",,"2024-11-08 14:31:58"
"1148","123","365","0","0","2024-11-08 14:31:58",,"2024-11-08 14:31:58"
"1149","123","365","0","0","2024-11-08 14:31:58",,"2024-11-08 14:31:58"
"1150","123","365","0","0","2024-11-08 14:31:58",,"2024-11-08 14:31:58"
"1151","123","365","0","0","2024-11-08 14:31:58",,"2024-11-08 14:31:58"
"1152","123","365","0","0","2024-11-08 14:31:58",,"2024-11-08 14:31:58"
"1153","123","365","0","0","2024-11-08 14:31:58",,"2024-11-08 14:31:58"
"1154","123","365","0","0","2024-11-08 14:31:58",,"2024-11-08 14:31:58"
"1155","123","365","0","0","2024-11-08 14:31:58",,"2024-11-08 14:31:58"
"1156","123","365","0","0","2024-11-08 14:31:58",,"2024-11-08 14:31:58"
"1157","95","366","0","0","2024-11-08 15:05:20",,"2024-11-08 15:05:20"
"1158","95","366","0","0","2024-11-08 15:05:20",,"2024-11-08 15:05:20"
"1159","95","366","0","0","2024-11-08 15:05:20",,"2024-11-08 15:05:20"
"1160","132","367","0","0","2024-11-14 14:29:40",,"2024-11-14 14:29:40"
"1161","132","367","0","0","2024-11-14 14:29:40",,"2024-11-14 14:29:40"
"1162","132","367","0","0","2024-11-14 14:29:40",,"2024-11-14 14:29:40"
"1163","87","368","0","0","2024-11-16 10:57:00",,"2024-11-16 10:57:00"
"1164","0","369","0","0","2024-11-16 12:38:46",,"2024-11-16 12:38:46"
"1165","0","369","0","0","2024-11-16 12:38:46",,"2024-11-16 12:38:46"
"1166","167","370","0","0","2024-11-16 14:33:55",,"2024-11-16 14:33:55"
"1167","167","370","0","0","2024-11-16 14:33:55",,"2024-11-16 14:33:55"
"1168","168","371","0","0","2024-11-16 15:10:37",,"2024-11-16 15:10:37"
"1169","168","371","0","0","2024-11-16 15:10:37",,"2024-11-16 15:10:37"
"1170","168","371","0","0","2024-11-16 15:10:37",,"2024-11-16 15:10:37"
"1171","151","372","0","0","2024-11-20 14:22:27",,"2024-11-20 14:22:27"
"1172","151","372","0","0","2024-11-20 14:22:27",,"2024-11-20 14:22:27"
"1173","151","372","0","0","2024-11-20 14:22:27",,"2024-11-20 14:22:27"
"1174","151","372","0","0","2024-11-20 14:22:27",,"2024-11-20 14:22:27"
"1175","151","372","0","0","2024-11-20 14:22:27",,"2024-11-20 14:22:27"
"1176","151","372","0","0","2024-11-20 14:22:27",,"2024-11-20 14:22:27"
"1177","151","372","0","0","2024-11-20 14:22:27",,"2024-11-20 14:22:27"
"1178","169","373","0","0","2024-11-20 14:23:59",,"2024-11-20 14:23:59"
"1179","169","373","0","0","2024-11-20 14:23:59",,"2024-11-20 14:23:59"
"1180","123","374","0","0","2024-11-20 15:28:15",,"2024-11-20 15:28:15"
"1181","123","374","0","0","2024-11-20 15:28:15",,"2024-11-20 15:28:15"
"1182","123","374","0","0","2024-11-20 15:28:15",,"2024-11-20 15:28:15"
"1183","123","375","0","0","2024-11-20 15:33:21",,"2024-11-20 15:33:21"
"1184","123","375","0","0","2024-11-20 15:33:21",,"2024-11-20 15:33:21"
"1185","123","375","0","0","2024-11-20 15:33:21",,"2024-11-20 15:33:21"
"1186","123","376","0","0","2024-11-20 16:22:31",,"2024-11-20 16:22:31"
"1187","123","376","0","0","2024-11-20 16:22:31",,"2024-11-20 16:22:31"
"1188","170","377","0","0","2024-11-21 14:05:25",,"2024-11-21 14:05:25"
"1189","69","378","0","0","2024-11-21 17:13:54",,"2024-11-21 17:13:54"
"1190","69","378","0","0","2024-11-21 17:13:54",,"2024-11-21 17:13:54"
"1191","69","378","0","0","2024-11-21 17:13:54",,"2024-11-21 17:13:54"
"1192","123","379","0","0","2024-11-23 11:50:42",,"2024-11-23 11:50:42"
"1193","123","379","0","0","2024-11-23 11:50:42",,"2024-11-23 11:50:42"
"1194","123","379","0","0","2024-11-23 11:50:42",,"2024-11-23 11:50:42"
"1195","123","379","0","0","2024-11-23 11:50:42",,"2024-11-23 11:50:42"
"1196","132","380","0","0","2024-11-23 14:42:29",,"2024-11-23 14:42:29"
"1197","142","381","0","0","2024-11-27 16:04:16",,"2024-11-27 16:04:16"
"1198","142","381","0","0","2024-11-27 16:04:16",,"2024-11-27 16:04:16"
"1199","142","381","0","0","2024-11-27 16:04:16",,"2024-11-27 16:04:16"
"1200","142","381","0","0","2024-11-27 16:04:16",,"2024-11-27 16:04:16"
"1201","142","381","0","0","2024-11-27 16:04:16",,"2024-11-27 16:04:16"
"1202","142","381","0","0","2024-11-27 16:04:16",,"2024-11-27 16:04:16"
"1203","142","381","0","0","2024-11-27 16:04:16",,"2024-11-27 16:04:16"
"1204","123","382","0","0","2024-11-29 15:57:58",,"2024-11-29 15:57:58"
"1205","114","383","0","0","2024-11-30 12:38:39",,"2024-11-30 12:38:39"
"1206","114","383","0","0","2024-11-30 12:38:39",,"2024-11-30 12:38:39"
"1207","114","383","0","0","2024-11-30 12:38:39",,"2024-11-30 12:38:39"
"1208","114","383","0","0","2024-11-30 12:38:39",,"2024-11-30 12:38:39"
"1209","114","383","0","0","2024-11-30 12:38:39",,"2024-11-30 12:38:39"
"1210","114","383","0","0","2024-11-30 12:38:39",,"2024-11-30 12:38:39"
"1211","114","383","0","0","2024-11-30 12:38:39",,"2024-11-30 12:38:39"
"1212","114","383","0","0","2024-11-30 12:38:39",,"2024-11-30 12:38:39"
"1213","114","383","0","0","2024-11-30 12:38:39",,"2024-11-30 12:38:39"
"1214","114","383","0","0","2024-11-30 12:38:39",,"2024-11-30 12:38:39"
"1215","114","383","0","0","2024-11-30 12:38:39",,"2024-11-30 12:38:39"
"1216","114","383","0","0","2024-11-30 12:38:39",,"2024-11-30 12:38:39"
"1217","114","384","0","0","2024-11-30 14:02:49",,"2024-11-30 14:02:49"
"1218","114","384","0","0","2024-11-30 14:02:49",,"2024-11-30 14:02:49"
"1219","163","385","0","0","2024-11-30 14:32:25",,"2024-11-30 14:32:25"
"1220","163","385","0","0","2024-11-30 14:32:25",,"2024-11-30 14:32:25"
"1221","151","386","0","0","2024-11-30 18:02:11",,"2024-11-30 18:02:11"
"1222","123","387","0","0","2024-12-04 10:28:12",,"2024-12-04 10:28:12"
"1223","55","388","0","0","2024-12-04 15:06:49",,"2024-12-04 15:06:49"
"1224","55","388","0","0","2024-12-04 15:06:49",,"2024-12-04 15:06:49"
"1225","55","388","0","0","2024-12-04 15:06:49",,"2024-12-04 15:06:49"
"1226","55","388","0","0","2024-12-04 15:06:49",,"2024-12-04 15:06:49"
"1227","55","388","0","0","2024-12-04 15:06:49",,"2024-12-04 15:06:49"
"1228","171","389","0","0","2024-12-05 15:10:09",,"2024-12-05 15:10:09"
"1229","151","390","0","0","2024-12-06 10:29:26",,"2024-12-06 10:29:26"
"1230","151","390","0","0","2024-12-06 10:29:26",,"2024-12-06 10:29:26"
"1231","151","390","0","0","2024-12-06 10:29:26",,"2024-12-06 10:29:26"
"1232","151","390","0","0","2024-12-06 10:29:26",,"2024-12-06 10:29:26"
"1233","123","391","0","0","2024-12-06 15:24:16",,"2024-12-06 15:24:16"
"1234","123","391","0","0","2024-12-06 15:24:16",,"2024-12-06 15:24:16"
"1235","123","392","0","0","2024-12-06 15:43:08",,"2024-12-06 15:43:08"
"1236","123","392","0","0","2024-12-06 15:43:08",,"2024-12-06 15:43:08"
"1237","172","393","0","0","2024-12-12 11:17:15",,"2024-12-12 11:17:15"
"1238","172","393","0","0","2024-12-12 11:17:15",,"2024-12-12 11:17:15"
"1239","172","393","0","0","2024-12-12 11:17:15",,"2024-12-12 11:17:15"
"1240","172","393","0","0","2024-12-12 11:17:15",,"2024-12-12 11:17:15"
"1241","172","393","0","0","2024-12-12 11:17:15",,"2024-12-12 11:17:15"
"1242","172","393","0","0","2024-12-12 11:17:15",,"2024-12-12 11:17:15"
"1243","172","393","0","0","2024-12-12 11:17:15",,"2024-12-12 11:17:15"
"1244","151","394","0","0","2024-12-12 11:24:50",,"2024-12-12 11:24:50"
"1245","151","394","0","0","2024-12-12 11:24:50",,"2024-12-12 11:24:50"
"1246","173","395","0","0","2024-12-14 11:15:57",,"2024-12-14 11:15:57"
"1247","173","395","0","0","2024-12-14 11:15:57",,"2024-12-14 11:15:57"
"1248","151","396","0","0","2024-12-14 16:53:47",,"2024-12-14 16:53:47"
"1249","123","397","0","0","2024-12-17 15:57:17",,"2024-12-17 15:57:17"
"1250","123","397","0","0","2024-12-17 15:57:17",,"2024-12-17 15:57:17"
"1251","123","397","0","0","2024-12-17 15:57:17",,"2024-12-17 15:57:17"
"1252","123","397","0","0","2024-12-17 15:57:17",,"2024-12-17 15:57:17"
"1253","123","397","0","0","2024-12-17 15:57:17",,"2024-12-17 15:57:17"
"1254","123","397","0","0","2024-12-17 15:57:17",,"2024-12-17 15:57:17"
"1255","83","398","0","0","2024-12-17 16:34:50",,"2024-12-17 16:34:50"
"1256","83","398","0","0","2024-12-17 16:34:50",,"2024-12-17 16:34:50"
"1257","83","398","0","0","2024-12-17 16:34:50",,"2024-12-17 16:34:50"
"1258","83","398","0","0","2024-12-17 16:34:50",,"2024-12-17 16:34:50"
"1259","83","398","0","0","2024-12-17 16:34:50",,"2024-12-17 16:34:50"
"1260","86","399","0","0","2024-12-19 11:54:35",,"2024-12-19 11:54:35"
"1261","102","400","0","0","2024-12-19 11:57:29",,"2024-12-19 11:57:29"
"1262","102","400","0","0","2024-12-19 11:57:29",,"2024-12-19 11:57:29"
"1263","102","400","0","0","2024-12-19 11:57:29",,"2024-12-19 11:57:29"
"1264","175","401","0","0","2024-12-19 16:11:10",,"2024-12-19 16:11:10"
"1265","175","401","0","0","2024-12-19 16:11:10",,"2024-12-19 16:11:10"
"1266","176","402","0","0","2024-12-19 16:54:35",,"2024-12-19 16:54:35"
"1267","176","402","0","0","2024-12-19 16:54:35",,"2024-12-19 16:54:35"
"1268","176","402","0","0","2024-12-19 16:54:35",,"2024-12-19 16:54:35"
"1269","176","402","0","0","2024-12-19 16:54:35",,"2024-12-19 16:54:35"
"1270","176","402","0","0","2024-12-19 16:54:35",,"2024-12-19 16:54:35"
"1271","176","402","0","0","2024-12-19 16:54:35",,"2024-12-19 16:54:35"
"1272","176","402","0","0","2024-12-19 16:54:35",,"2024-12-19 16:54:35"
"1273","176","402","0","0","2024-12-19 16:54:35",,"2024-12-19 16:54:35"
"1274","176","402","0","0","2024-12-19 16:54:35",,"2024-12-19 16:54:35"
"1275","176","402","0","0","2024-12-19 16:54:35",,"2024-12-19 16:54:35"
"1276","176","402","0","0","2024-12-19 16:54:35",,"2024-12-19 16:54:35"
"1277","176","402","0","0","2024-12-19 16:54:35",,"2024-12-19 16:54:35"
"1278","176","402","0","0","2024-12-19 16:54:35",,"2024-12-19 16:54:35"
"1279","176","402","0","0","2024-12-19 16:54:35",,"2024-12-19 16:54:35"
"1280","176","402","0","0","2024-12-19 16:54:35",,"2024-12-19 16:54:35"
"1281","176","403","0","0","2024-12-19 17:01:39",,"2024-12-19 17:01:39"
"1282","176","403","0","0","2024-12-19 17:01:39",,"2024-12-19 17:01:39"
"1283","176","403","0","0","2024-12-19 17:01:39",,"2024-12-19 17:01:39"
"1284","176","403","0","0","2024-12-19 17:01:39",,"2024-12-19 17:01:39"
"1285","176","403","0","0","2024-12-19 17:01:39",,"2024-12-19 17:01:39"
"1286","176","403","0","0","2024-12-19 17:01:39",,"2024-12-19 17:01:39"
"1287","176","403","0","0","2024-12-19 17:01:39",,"2024-12-19 17:01:39"
"1288","176","403","0","0","2024-12-19 17:01:39",,"2024-12-19 17:01:39"
"1289","95","404","0","0","2024-12-20 11:58:56",,"2024-12-20 11:58:56"
"1290","95","404","0","0","2024-12-20 11:58:56",,"2024-12-20 11:58:56"
"1291","175","405","0","0","2024-12-24 11:59:48",,"2024-12-24 11:59:48"
"1292","114","406","0","0","2024-12-24 14:38:00",,"2024-12-24 14:38:00"
"1293","123","407","0","0","2024-12-24 16:33:35",,"2024-12-24 16:33:35"
"1294","123","407","0","0","2024-12-24 16:33:35",,"2024-12-24 16:33:35"
"1295","123","407","0","0","2024-12-24 16:33:35",,"2024-12-24 16:33:35"
"1296","123","407","0","0","2024-12-24 16:33:35",,"2024-12-24 16:33:35"
"1297","123","407","0","0","2024-12-24 16:33:35",,"2024-12-24 16:33:35"
"1298","123","407","0","0","2024-12-24 16:33:35",,"2024-12-24 16:33:35"
"1299","123","407","0","0","2024-12-24 16:33:35",,"2024-12-24 16:33:35"
"1300","108","408","0","0","2024-12-28 14:26:35",,"2024-12-28 14:26:35"
"1301","108","408","0","0","2024-12-28 14:26:35",,"2024-12-28 14:26:35"
"1302","108","408","0","0","2024-12-28 14:26:35",,"2024-12-28 14:26:35"
"1303","123","409","0","0","2024-12-28 17:20:28",,"2024-12-28 17:20:28"
"1304","123","409","0","0","2024-12-28 17:20:28",,"2024-12-28 17:20:28"
"1305","123","409","0","0","2024-12-28 17:20:28",,"2024-12-28 17:20:28"
"1306","177","410","0","0","2024-12-31 10:59:51",,"2024-12-31 10:59:51"
"1307","177","410","0","0","2024-12-31 10:59:51",,"2024-12-31 10:59:51"
"1308","177","410","0","0","2024-12-31 10:59:51",,"2024-12-31 10:59:51"
"1309","177","410","0","0","2024-12-31 10:59:51",,"2024-12-31 10:59:51"
"1310","177","410","0","0","2024-12-31 10:59:51",,"2024-12-31 10:59:51"
"1311","177","410","0","0","2024-12-31 10:59:51",,"2024-12-31 10:59:51"
"1312","137","411","0","0","2024-12-31 11:21:32",,"2024-12-31 11:21:32"
"1313","137","411","0","0","2024-12-31 11:21:32",,"2024-12-31 11:21:32"
"1314","137","411","0","0","2024-12-31 11:21:32",,"2024-12-31 11:21:32"
"1315","151","412","0","0","2024-12-31 15:10:11",,"2024-12-31 15:10:11"
"1316","151","412","0","0","2024-12-31 15:10:11",,"2024-12-31 15:10:11"
"1317","151","412","0","0","2024-12-31 15:10:11",,"2024-12-31 15:10:11"
"1318","151","412","0","0","2024-12-31 15:10:11",,"2024-12-31 15:10:11"
"1319","151","412","0","0","2024-12-31 15:10:11",,"2024-12-31 15:10:11"
"1320","151","412","0","0","2024-12-31 15:10:11",,"2024-12-31 15:10:11"
"1321","151","412","0","0","2024-12-31 15:10:11",,"2024-12-31 15:10:11"
"1322","151","412","0","0","2024-12-31 15:10:11",,"2024-12-31 15:10:11"
"1323","151","412","0","0","2024-12-31 15:10:11",,"2024-12-31 15:10:11"
"1324","151","412","0","0","2024-12-31 15:10:11",,"2024-12-31 15:10:11"
"1325","178","413","0","0","2024-12-31 15:33:48",,"2024-12-31 15:33:48"
"1326","178","413","0","0","2024-12-31 15:33:48",,"2024-12-31 15:33:48"
"1327","179","414","0","0","2025-01-04 11:37:30",,"2025-01-04 11:37:30"
"1328","179","414","0","0","2025-01-04 11:37:30",,"2025-01-04 11:37:30"
"1329","179","414","0","0","2025-01-04 11:37:30",,"2025-01-04 11:37:30"
"1330","179","414","0","0","2025-01-04 11:37:30",,"2025-01-04 11:37:30"
"1331","179","414","0","0","2025-01-04 11:37:30",,"2025-01-04 11:37:30"
"1332","180","415","0","0","2025-01-08 12:11:40",,"2025-01-08 12:11:40"
"1333","180","415","0","0","2025-01-08 12:11:40",,"2025-01-08 12:11:40"
"1334","180","415","0","0","2025-01-08 12:11:40",,"2025-01-08 12:11:40"
"1335","180","415","0","0","2025-01-08 12:11:40",,"2025-01-08 12:11:40"
"1336","181","416","0","0","2025-01-09 12:23:15",,"2025-01-09 12:23:15"
"1337","181","416","0","0","2025-01-09 12:23:15",,"2025-01-09 12:23:15"
"1338","181","416","0","0","2025-01-09 12:23:15",,"2025-01-09 12:23:15"
"1339","181","416","0","0","2025-01-09 12:23:15",,"2025-01-09 12:23:15"
"1340","181","416","0","0","2025-01-09 12:23:15",,"2025-01-09 12:23:15"
"1341","181","416","0","0","2025-01-09 12:23:15",,"2025-01-09 12:23:15"
"1342","163","417","0","0","2025-01-11 10:41:00",,"2025-01-11 10:41:00"
"1343","163","417","0","0","2025-01-11 10:41:00",,"2025-01-11 10:41:00"
"1344","163","417","0","0","2025-01-11 10:41:00",,"2025-01-11 10:41:00"
"1345","163","417","0","0","2025-01-11 10:41:00",,"2025-01-11 10:41:00"
"1346","163","417","0","0","2025-01-11 10:41:00",,"2025-01-11 10:41:00"
"1347","163","417","0","0","2025-01-11 10:41:00",,"2025-01-11 10:41:00"
"1348","163","417","0","0","2025-01-11 10:41:00",,"2025-01-11 10:41:00"
"1349","182","418","0","0","2025-01-11 12:02:42",,"2025-01-11 12:02:42"
"1350","182","418","0","0","2025-01-11 12:02:42",,"2025-01-11 12:02:42"
"1351","182","418","0","0","2025-01-11 12:02:42",,"2025-01-11 12:02:42"
"1352","69","419","0","0","2025-01-11 17:39:35",,"2025-01-11 17:39:35"
"1353","69","419","0","0","2025-01-11 17:39:35",,"2025-01-11 17:39:35"
"1354","69","419","0","0","2025-01-11 17:39:35",,"2025-01-11 17:39:35"
"1355","69","419","0","0","2025-01-11 17:39:35",,"2025-01-11 17:39:35"
"1356","183","420","0","0","2025-01-21 14:05:56",,"2025-01-21 14:05:56"
"1357","183","420","0","0","2025-01-21 14:05:56",,"2025-01-21 14:05:56"
"1358","183","420","0","0","2025-01-21 14:05:56",,"2025-01-21 14:05:56"
"1359","183","420","0","0","2025-01-21 14:05:56",,"2025-01-21 14:05:56"
"1360","183","420","0","0","2025-01-21 14:05:56",,"2025-01-21 14:05:56"
"1361","183","420","0","0","2025-01-21 14:05:56",,"2025-01-21 14:05:56"
"1362","183","421","0","0","2025-01-21 14:08:04",,"2025-01-21 14:08:04"
"1363","183","421","0","0","2025-01-21 14:08:04",,"2025-01-21 14:08:04"
"1364","183","421","0","0","2025-01-21 14:08:04",,"2025-01-21 14:08:04"
"1365","182","422","0","0","2025-01-27 10:14:34",,"2025-01-27 10:14:34"
"1366","182","422","0","0","2025-01-27 10:14:34",,"2025-01-27 10:14:34"
"1367","182","422","0","0","2025-01-27 10:14:34",,"2025-01-27 10:14:34"
"1368","184","423","0","0","2025-01-27 10:17:08",,"2025-01-27 10:17:08"
"1369","184","423","0","0","2025-01-27 10:17:08",,"2025-01-27 10:17:08"
"1370","184","423","0","0","2025-01-27 10:17:08",,"2025-01-27 10:17:08"
"1371","184","423","0","0","2025-01-27 10:17:08",,"2025-01-27 10:17:08"
"1372","52","424","0","0","2025-02-08 10:52:48",,"2025-02-08 10:52:48"
"1373","163","425","0","0","2025-02-08 15:54:06",,"2025-02-08 15:54:06"
"1374","163","425","0","0","2025-02-08 15:54:06",,"2025-02-08 15:54:06"
"1375","163","425","0","0","2025-02-08 15:54:06",,"2025-02-08 15:54:06"
"1376","185","426","0","0","2025-02-13 15:10:49",,"2025-02-13 15:10:49"
"1377","185","426","0","0","2025-02-13 15:10:49",,"2025-02-13 15:10:49"
"1378","185","426","0","0","2025-02-13 15:10:49",,"2025-02-13 15:10:49"
"1379","185","426","0","0","2025-02-13 15:10:49",,"2025-02-13 15:10:49"
"1380","185","426","0","0","2025-02-13 15:10:49",,"2025-02-13 15:10:49"
"1381","185","426","0","0","2025-02-13 15:10:49",,"2025-02-13 15:10:49"
"1382","185","426","0","0","2025-02-13 15:10:49",,"2025-02-13 15:10:49"
"1383","185","426","0","0","2025-02-13 15:10:49",,"2025-02-13 15:10:49"
"1384","185","426","0","0","2025-02-13 15:10:49",,"2025-02-13 15:10:49"
"1385","185","427","0","0","2025-02-13 15:19:36",,"2025-02-13 15:19:36"
"1386","185","427","0","0","2025-02-13 15:19:36",,"2025-02-13 15:19:36"
"1387","185","427","0","0","2025-02-13 15:19:36",,"2025-02-13 15:19:36"
"1388","185","427","0","0","2025-02-13 15:19:36",,"2025-02-13 15:19:36"
"1389","185","428","0","0","2025-02-13 15:24:04",,"2025-02-13 15:24:04"
"1390","185","428","0","0","2025-02-13 15:24:04",,"2025-02-13 15:24:04"
"1391","176","429","0","0","2025-02-18 09:53:22",,"2025-02-18 09:53:22"
"1392","176","429","0","0","2025-02-18 09:53:22",,"2025-02-18 09:53:22"
"1393","176","429","0","0","2025-02-18 09:53:22",,"2025-02-18 09:53:22"
"1394","114","430","0","0","2025-02-18 11:45:55",,"2025-02-18 11:45:55"
"1395","114","430","0","0","2025-02-18 11:45:55",,"2025-02-18 11:45:55"
"1396","114","430","0","0","2025-02-18 11:45:55",,"2025-02-18 11:45:55"
"1397","114","430","0","0","2025-02-18 11:45:55",,"2025-02-18 11:45:55"
"1398","179","431","0","0","2025-02-18 15:40:32",,"2025-02-18 15:40:32"
"1399","179","431","0","0","2025-02-18 15:40:32",,"2025-02-18 15:40:32"
"1400","179","431","0","0","2025-02-18 15:40:32",,"2025-02-18 15:40:32"
"1401","179","431","0","0","2025-02-18 15:40:32",,"2025-02-18 15:40:32"
"1402","179","431","0","0","2025-02-18 15:40:32",,"2025-02-18 15:40:32"
"1403","179","431","0","0","2025-02-18 15:40:32",,"2025-02-18 15:40:32"
"1404","179","431","0","0","2025-02-18 15:40:32",,"2025-02-18 15:40:32"
"1405","179","431","0","0","2025-02-18 15:40:32",,"2025-02-18 15:40:32"
"1406","179","431","0","0","2025-02-18 15:40:32",,"2025-02-18 15:40:32"
"1407","179","431","0","0","2025-02-18 15:40:32",,"2025-02-18 15:40:32"
"1408","55","432","0","0","2025-02-20 17:11:05",,"2025-02-20 17:11:05"
"1409","55","432","0","0","2025-02-20 17:11:05",,"2025-02-20 17:11:05"
"1410","55","432","0","0","2025-02-20 17:11:05",,"2025-02-20 17:11:05"
"1411","55","432","0","0","2025-02-20 17:11:05",,"2025-02-20 17:11:05"
"1412","55","432","0","0","2025-02-20 17:11:05",,"2025-02-20 17:11:05"
"1413","114","433","0","0","2025-02-21 15:15:54",,"2025-02-21 15:15:54"
"1414","137","434","0","0","2025-02-25 10:09:02",,"2025-02-25 10:09:02"
"1415","137","434","0","0","2025-02-25 10:09:02",,"2025-02-25 10:09:02"
"1416","73","435","0","0","2025-02-26 16:26:18",,"2025-02-26 16:26:18"
"1417","73","435","0","0","2025-02-26 16:26:18",,"2025-02-26 16:26:18"
"1418","73","435","0","0","2025-02-26 16:26:18",,"2025-02-26 16:26:18"
"1419","73","435","0","0","2025-02-26 16:26:18",,"2025-02-26 16:26:18"
"1420","73","435","0","0","2025-02-26 16:26:18",,"2025-02-26 16:26:18"
"1421","123","436","0","0","2025-02-26 16:43:20",,"2025-02-26 16:43:20"
"1422","123","436","0","0","2025-02-26 16:43:20",,"2025-02-26 16:43:20"
"1423","123","436","0","0","2025-02-26 16:43:20",,"2025-02-26 16:43:20"
"1424","123","436","0","0","2025-02-26 16:43:20",,"2025-02-26 16:43:20"
"1425","123","436","0","0","2025-02-26 16:43:20",,"2025-02-26 16:43:20"
"1426","123","436","0","0","2025-02-26 16:43:20",,"2025-02-26 16:43:20"
"1427","123","436","0","0","2025-02-26 16:43:20",,"2025-02-26 16:43:20"
"1428","185","437","0","0","2025-03-04 10:19:48",,"2025-03-04 10:19:48"
"1429","185","437","0","0","2025-03-04 10:19:48",,"2025-03-04 10:19:48"
"1430","185","437","0","0","2025-03-04 10:19:48",,"2025-03-04 10:19:48"
"1431","185","437","0","0","2025-03-04 10:19:48",,"2025-03-04 10:19:48"
"1432","185","437","0","0","2025-03-04 10:19:48",,"2025-03-04 10:19:48"
"1433","185","437","0","0","2025-03-04 10:19:48",,"2025-03-04 10:19:48"
"1434","185","437","0","0","2025-03-04 10:19:48",,"2025-03-04 10:19:48"
"1435","185","437","0","0","2025-03-04 10:19:48",,"2025-03-04 10:19:48"
"1436","185","437","0","0","2025-03-04 10:19:48",,"2025-03-04 10:19:48"
"1437","185","437","0","0","2025-03-04 10:19:48",,"2025-03-04 10:19:48"
"1438","185","437","0","0","2025-03-04 10:19:48",,"2025-03-04 10:19:48"
"1439","185","437","0","0","2025-03-04 10:19:48",,"2025-03-04 10:19:48"
"1440","185","437","0","0","2025-03-04 10:19:48",,"2025-03-04 10:19:48"
"1441","185","437","0","0","2025-03-04 10:19:48",,"2025-03-04 10:19:48"
"1442","185","437","0","0","2025-03-04 10:19:48",,"2025-03-04 10:19:48"
"1443","185","437","0","0","2025-03-04 10:19:48",,"2025-03-04 10:19:48"
"1444","185","437","0","0","2025-03-04 10:19:48",,"2025-03-04 10:19:48"
"1445","185","437","0","0","2025-03-04 10:19:48",,"2025-03-04 10:19:48"
"1446","176","438","0","0","2025-03-04 11:56:58",,"2025-03-04 11:56:58"
"1447","176","438","0","0","2025-03-04 11:56:58",,"2025-03-04 11:56:58"
"1448","176","438","0","0","2025-03-04 11:56:58",,"2025-03-04 11:56:58"
"1449","163","439","0","0","2025-03-04 12:55:37",,"2025-03-04 12:55:37"
"1450","163","439","0","0","2025-03-04 12:55:37",,"2025-03-04 12:55:37"
"1451","163","439","0","0","2025-03-04 12:55:37",,"2025-03-04 12:55:37"
"1452","163","439","0","0","2025-03-04 12:55:37",,"2025-03-04 12:55:37"
"1453","163","439","0","0","2025-03-04 12:55:37",,"2025-03-04 12:55:37"
"1454","163","439","0","0","2025-03-04 12:55:37",,"2025-03-04 12:55:37"
"1455","163","439","0","0","2025-03-04 12:55:37",,"2025-03-04 12:55:37"
"1456","163","439","0","0","2025-03-04 12:55:37",,"2025-03-04 12:55:37"
"1457","163","439","0","0","2025-03-04 12:55:37",,"2025-03-04 12:55:37"
"1458","163","439","0","0","2025-03-04 12:55:37",,"2025-03-04 12:55:37"
"1459","163","439","0","0","2025-03-04 12:55:37",,"2025-03-04 12:55:37"
"1460","0","440","0","0","2025-03-05 11:01:41",,"2025-03-05 11:01:41"
"1461","73","441","0","0","2025-03-06 11:43:35",,"2025-03-06 11:43:35"
"1462","73","441","0","0","2025-03-06 11:43:35",,"2025-03-06 11:43:35"
"1463","73","441","0","0","2025-03-06 11:43:35",,"2025-03-06 11:43:35"
"1464","73","441","0","0","2025-03-06 11:43:35",,"2025-03-06 11:43:35"
"1465","73","441","0","0","2025-03-06 11:43:35",,"2025-03-06 11:43:35"
"1466","73","441","0","0","2025-03-06 11:43:35",,"2025-03-06 11:43:35"
"1467","73","441","0","0","2025-03-06 11:43:35",,"2025-03-06 11:43:35"
"1468","73","441","0","0","2025-03-06 11:43:35",,"2025-03-06 11:43:35"
"1469","73","441","0","0","2025-03-06 11:43:35",,"2025-03-06 11:43:35"
"1470","73","441","0","0","2025-03-06 11:43:35",,"2025-03-06 11:43:35"
"1471","73","441","0","0","2025-03-06 11:43:35",,"2025-03-06 11:43:35"
"1472","176","442","0","0","2025-03-07 09:13:49",,"2025-03-07 09:13:49"
"1473","111","443","0","0","2025-03-07 10:52:38",,"2025-03-07 10:52:38"
"1474","111","443","0","0","2025-03-07 10:52:38",,"2025-03-07 10:52:38"
"1475","111","443","0","0","2025-03-07 10:52:38",,"2025-03-07 10:52:38"
"1476","111","443","0","0","2025-03-07 10:52:38",,"2025-03-07 10:52:38"
"1477","111","443","0","0","2025-03-07 10:52:38",,"2025-03-07 10:52:38"
"1478","111","443","0","0","2025-03-07 10:52:38",,"2025-03-07 10:52:38"
"1479","111","443","0","0","2025-03-07 10:52:38",,"2025-03-07 10:52:38"
"1480","111","443","0","0","2025-03-07 10:52:38",,"2025-03-07 10:52:38"
"1481","111","443","0","0","2025-03-07 10:52:38",,"2025-03-07 10:52:38"
"1482","111","443","0","0","2025-03-07 10:52:38",,"2025-03-07 10:52:38"
"1483","111","443","0","0","2025-03-07 10:52:38",,"2025-03-07 10:52:38"
"1484","111","443","0","0","2025-03-07 10:52:38",,"2025-03-07 10:52:38"
"1485","111","443","0","0","2025-03-07 10:52:38",,"2025-03-07 10:52:38"
"1486","111","443","0","0","2025-03-07 10:52:38",,"2025-03-07 10:52:38"
"1487","111","443","0","0","2025-03-07 10:52:38",,"2025-03-07 10:52:38"
"1488","111","443","0","0","2025-03-07 10:52:38",,"2025-03-07 10:52:38"
"1489","111","443","0","0","2025-03-07 10:52:38",,"2025-03-07 10:52:38"
"1490","111","443","0","0","2025-03-07 10:52:38",,"2025-03-07 10:52:38"
"1491","111","443","0","0","2025-03-07 10:52:38",,"2025-03-07 10:52:38"
"1492","111","443","0","0","2025-03-07 10:52:38",,"2025-03-07 10:52:38"
"1493","111","443","0","0","2025-03-07 10:52:38",,"2025-03-07 10:52:38"
"1494","111","443","0","0","2025-03-07 10:52:38",,"2025-03-07 10:52:38"
"1495","111","443","0","0","2025-03-07 10:52:38",,"2025-03-07 10:52:38"
"1496","111","443","0","0","2025-03-07 10:52:38",,"2025-03-07 10:52:38"
"1497","111","443","0","0","2025-03-07 10:52:38",,"2025-03-07 10:52:38"
"1498","111","443","0","0","2025-03-07 10:52:38",,"2025-03-07 10:52:38"
"1499","142","444","0","0","2025-03-07 12:37:23",,"2025-03-07 12:37:23"
"1500","142","444","0","0","2025-03-07 12:37:23",,"2025-03-07 12:37:23"
"1501","142","444","0","0","2025-03-07 12:37:23",,"2025-03-07 12:37:23"
"1502","142","444","0","0","2025-03-07 12:37:23",,"2025-03-07 12:37:23"
"1503","142","444","0","0","2025-03-07 12:37:23",,"2025-03-07 12:37:23"
"1504","142","444","0","0","2025-03-07 12:37:23",,"2025-03-07 12:37:23"
"1505","142","444","0","0","2025-03-07 12:37:23",,"2025-03-07 12:37:23"
"1506","142","444","0","0","2025-03-07 12:37:23",,"2025-03-07 12:37:23"
"1507","142","444","0","0","2025-03-07 12:37:23",,"2025-03-07 12:37:23"
"1508","142","445","0","0","2025-03-07 12:40:38",,"2025-03-07 12:40:38"
"1509","142","445","0","0","2025-03-07 12:40:38",,"2025-03-07 12:40:38"
"1510","131","446","0","0","2025-03-14 11:55:34",,"2025-03-14 11:55:34"
"1511","131","446","0","0","2025-03-14 11:55:34",,"2025-03-14 11:55:34"
"1512","131","446","0","0","2025-03-14 11:55:34",,"2025-03-14 11:55:34"
"1513","131","446","0","0","2025-03-14 11:55:34",,"2025-03-14 11:55:34"
"1514","131","446","0","0","2025-03-14 11:55:34",,"2025-03-14 11:55:34"
"1515","131","446","0","0","2025-03-14 11:55:34",,"2025-03-14 11:55:34"
"1516","132","447","0","0","2025-03-15 13:03:29",,"2025-03-15 13:03:29"
"1517","132","447","0","0","2025-03-15 13:03:29",,"2025-03-15 13:03:29"
"1518","132","447","0","0","2025-03-15 13:03:29",,"2025-03-15 13:03:29"
"1519","73","448","0","0","2025-03-15 14:14:10",,"2025-03-15 14:14:10"
"1520","73","448","0","0","2025-03-15 14:14:10",,"2025-03-15 14:14:10"
"1521","73","448","0","0","2025-03-15 14:14:10",,"2025-03-15 14:14:10"
"1522","73","448","0","0","2025-03-15 14:14:10",,"2025-03-15 14:14:10"
"1523","73","448","0","0","2025-03-15 14:14:10",,"2025-03-15 14:14:10"
"1524","73","448","0","0","2025-03-15 14:14:10",,"2025-03-15 14:14:10"
"1525","73","448","0","0","2025-03-15 14:14:10",,"2025-03-15 14:14:10"
"1526","73","448","0","0","2025-03-15 14:14:10",,"2025-03-15 14:14:10"
"1527","73","448","0","0","2025-03-15 14:14:10",,"2025-03-15 14:14:10"
"1528","108","449","0","0","2025-03-18 09:53:46",,"2025-03-18 09:53:46"
"1529","108","449","0","0","2025-03-18 09:53:46",,"2025-03-18 09:53:46"
"1530","176","450","0","0","2025-03-18 12:23:11",,"2025-03-18 12:23:11"
"1531","176","450","0","0","2025-03-18 12:23:11",,"2025-03-18 12:23:11"
"1532","176","450","0","0","2025-03-18 12:23:11",,"2025-03-18 12:23:11"
"1533","176","450","0","0","2025-03-18 12:23:11",,"2025-03-18 12:23:11"
"1534","176","450","0","0","2025-03-18 12:23:11",,"2025-03-18 12:23:11"
"1535","176","450","0","0","2025-03-18 12:23:11",,"2025-03-18 12:23:11"
"1536","142","451","0","0","2025-03-18 12:46:41",,"2025-03-18 12:46:41"
"1537","142","451","0","0","2025-03-18 12:46:41",,"2025-03-18 12:46:41"
"1538","142","451","0","0","2025-03-18 12:46:41",,"2025-03-18 12:46:41"
"1539","142","451","0","0","2025-03-18 12:46:41",,"2025-03-18 12:46:41"
"1540","142","451","0","0","2025-03-18 12:46:41",,"2025-03-18 12:46:41"
"1541","142","451","0","0","2025-03-18 12:46:41",,"2025-03-18 12:46:41"
"1542","142","451","0","0","2025-03-18 12:46:41",,"2025-03-18 12:46:41"
"1543","142","451","0","0","2025-03-18 12:46:41",,"2025-03-18 12:46:41"
"1544","142","451","0","0","2025-03-18 12:46:41",,"2025-03-18 12:46:41"
"1545","142","451","0","0","2025-03-18 12:46:41",,"2025-03-18 12:46:41"
"1546","142","451","0","0","2025-03-18 12:46:41",,"2025-03-18 12:46:41"
"1547","142","451","0","0","2025-03-18 12:46:41",,"2025-03-18 12:46:41"
"1548","142","451","0","0","2025-03-18 12:46:41",,"2025-03-18 12:46:41"
"1549","142","451","0","0","2025-03-18 12:46:41",,"2025-03-18 12:46:41"
"1550","142","451","0","0","2025-03-18 12:46:41",,"2025-03-18 12:46:41"
"1551","142","451","0","0","2025-03-18 12:46:41",,"2025-03-18 12:46:41"
"1552","123","452","0","0","2025-03-20 13:28:22",,"2025-03-20 13:28:22"
"1553","123","452","0","0","2025-03-20 13:28:22",,"2025-03-20 13:28:22"
"1554","184","453","0","0","2025-03-22 16:13:57",,"2025-03-22 16:13:57"
"1555","158","454","0","0","2025-03-25 09:01:55",,"2025-03-25 09:01:55"
"1556","158","454","0","0","2025-03-25 09:01:55",,"2025-03-25 09:01:55"
"1557","158","454","0","0","2025-03-25 09:01:55",,"2025-03-25 09:01:55"
"1558","158","454","0","0","2025-03-25 09:01:55",,"2025-03-25 09:01:55"
"1559","158","454","0","0","2025-03-25 09:01:55",,"2025-03-25 09:01:55"
"1560","118","455","0","0","2025-03-25 09:05:54",,"2025-03-25 09:05:54"
"1561","183","456","0","0","2025-03-25 10:08:40",,"2025-03-25 10:08:40"
"1562","183","456","0","0","2025-03-25 10:08:40",,"2025-03-25 10:08:40"
"1563","183","456","0","0","2025-03-25 10:08:40",,"2025-03-25 10:08:40"
"1564","183","456","0","0","2025-03-25 10:08:40",,"2025-03-25 10:08:40"
"1565","183","456","0","0","2025-03-25 10:08:40",,"2025-03-25 10:08:40"
"1566","183","456","0","0","2025-03-25 10:08:40",,"2025-03-25 10:08:40"
"1567","184","457","0","0","2025-03-25 10:54:43",,"2025-03-25 10:54:43"
"1568","184","457","0","0","2025-03-25 10:54:43",,"2025-03-25 10:54:43"
"1569","188","458","0","0","2025-03-26 14:03:15",,"2025-03-26 14:03:15"
"1570","188","458","0","0","2025-03-26 14:03:15",,"2025-03-26 14:03:15"
"1571","188","458","0","0","2025-03-26 14:03:15",,"2025-03-26 14:03:15"
"1572","188","458","0","0","2025-03-26 14:03:15",,"2025-03-26 14:03:15"
"1573","189","459","0","0","2025-03-28 14:43:06",,"2025-03-28 14:43:06"
"1574","189","459","0","0","2025-03-28 14:43:06",,"2025-03-28 14:43:06"
"1575","189","459","0","0","2025-03-28 14:43:06",,"2025-03-28 14:43:06"
"1576","189","459","0","0","2025-03-28 14:43:06",,"2025-03-28 14:43:06"
"1577","189","459","0","0","2025-03-28 14:43:06",,"2025-03-28 14:43:06"
"1578","82","460","0","0","2025-04-03 14:04:56",,"2025-04-03 14:04:56"
"1579","82","460","0","0","2025-04-03 14:04:56",,"2025-04-03 14:04:56"
"1580","82","460","0","0","2025-04-03 14:04:56",,"2025-04-03 14:04:56"
"1581","82","460","0","0","2025-04-03 14:04:56",,"2025-04-03 14:04:56"
"1582","184","461","0","0","2025-04-04 09:27:26",,"2025-04-04 09:27:26"
"1583","184","461","0","0","2025-04-04 09:27:26",,"2025-04-04 09:27:26"
"1584","184","461","0","0","2025-04-04 09:27:26",,"2025-04-04 09:27:26"
"1585","123","462","0","0","2025-04-04 15:57:20",,"2025-04-04 15:57:20"
"1586","123","462","0","0","2025-04-04 15:57:20",,"2025-04-04 15:57:20"
"1587","123","462","0","0","2025-04-04 15:57:20",,"2025-04-04 15:57:20"
"1588","123","462","0","0","2025-04-04 15:57:20",,"2025-04-04 15:57:20"
"1589","123","462","0","0","2025-04-04 15:57:20",,"2025-04-04 15:57:20"
"1590","123","462","0","0","2025-04-04 15:57:20",,"2025-04-04 15:57:20"
"1591","123","462","0","0","2025-04-04 15:57:20",,"2025-04-04 15:57:20"
"1592","123","462","0","0","2025-04-04 15:57:20",,"2025-04-04 15:57:20"
"1593","123","462","0","0","2025-04-04 15:57:20",,"2025-04-04 15:57:20"
"1594","123","462","0","0","2025-04-04 15:57:20",,"2025-04-04 15:57:20"
"1595","123","462","0","0","2025-04-04 15:57:20",,"2025-04-04 15:57:20"
"1596","190","463","0","0","2025-04-04 16:11:15",,"2025-04-04 16:11:15"
"1597","190","463","0","0","2025-04-04 16:11:15",,"2025-04-04 16:11:15"
"1598","190","463","0","0","2025-04-04 16:11:15",,"2025-04-04 16:11:15"
"1599","190","463","0","0","2025-04-04 16:11:15",,"2025-04-04 16:11:15"
"1600","190","463","0","0","2025-04-04 16:11:15",,"2025-04-04 16:11:15"
"1601","190","463","0","0","2025-04-04 16:11:15",,"2025-04-04 16:11:15"
"1602","190","463","0","0","2025-04-04 16:11:15",,"2025-04-04 16:11:15"
"1603","190","463","0","0","2025-04-04 16:11:15",,"2025-04-04 16:11:15"
"1604","190","463","0","0","2025-04-04 16:11:15",,"2025-04-04 16:11:15"
"1605","190","463","0","0","2025-04-04 16:11:15",,"2025-04-04 16:11:15"
"1606","190","463","0","0","2025-04-04 16:11:15",,"2025-04-04 16:11:15"
"1607","190","463","0","0","2025-04-04 16:11:15",,"2025-04-04 16:11:15"
"1608","190","463","0","0","2025-04-04 16:11:15",,"2025-04-04 16:11:15"
"1609","190","463","0","0","2025-04-04 16:11:15",,"2025-04-04 16:11:15"
"1610","190","463","0","0","2025-04-04 16:11:15",,"2025-04-04 16:11:15"
"1611","185","464","0","0","2025-04-05 15:50:14",,"2025-04-05 15:50:14"
"1612","185","464","0","0","2025-04-05 15:50:14",,"2025-04-05 15:50:14"
"1613","185","464","0","0","2025-04-05 15:50:14",,"2025-04-05 15:50:14"
"1614","185","464","0","0","2025-04-05 15:50:14",,"2025-04-05 15:50:14"
"1615","185","464","0","0","2025-04-05 15:50:14",,"2025-04-05 15:50:14"
"1616","185","464","0","0","2025-04-05 15:50:14",,"2025-04-05 15:50:14"
"1617","185","464","0","0","2025-04-05 15:50:14",,"2025-04-05 15:50:14"
"1618","185","464","0","0","2025-04-05 15:50:14",,"2025-04-05 15:50:14"
"1619","190","465","0","0","2025-04-05 16:49:09",,"2025-04-05 16:49:09"
"1620","190","465","0","0","2025-04-05 16:49:09",,"2025-04-05 16:49:09"
"1621","190","465","0","0","2025-04-05 16:49:09",,"2025-04-05 16:49:09"
"1622","163","466","0","0","2025-04-08 16:21:34",,"2025-04-08 16:21:34"
"1623","163","466","0","0","2025-04-08 16:21:34",,"2025-04-08 16:21:34"
"1624","191","467","0","0","2025-04-09 17:16:52",,"2025-04-09 17:16:52"
"1625","191","467","0","0","2025-04-09 17:16:52",,"2025-04-09 17:16:52"
"1626","191","467","0","0","2025-04-09 17:16:52",,"2025-04-09 17:16:52"
"1627","114","468","0","0","2025-04-10 09:36:25",,"2025-04-10 09:36:25"
"1628","114","468","0","0","2025-04-10 09:36:25",,"2025-04-10 09:36:25"
"1629","114","468","0","0","2025-04-10 09:36:25",,"2025-04-10 09:36:25"
"1630","114","468","0","0","2025-04-10 09:36:25",,"2025-04-10 09:36:25"
"1631","114","468","0","0","2025-04-10 09:36:25",,"2025-04-10 09:36:25"
"1632","114","468","0","0","2025-04-10 09:36:25",,"2025-04-10 09:36:25"
"1633","114","468","0","0","2025-04-10 09:36:25",,"2025-04-10 09:36:25"
"1634","114","468","0","0","2025-04-10 09:36:25",,"2025-04-10 09:36:25"
"1635","114","468","0","0","2025-04-10 09:36:25",,"2025-04-10 09:36:25"
"1636","114","468","0","0","2025-04-10 09:36:25",,"2025-04-10 09:36:25"
"1637","54","469","0","0","2025-04-15 12:44:44",,"2025-04-15 12:44:44"
"1638","54","469","0","0","2025-04-15 12:44:44",,"2025-04-15 12:44:44"
"1639","54","469","0","0","2025-04-15 12:44:44",,"2025-04-15 12:44:44"
"1640","54","470","0","0","2025-04-15 12:46:09",,"2025-04-15 12:46:09"
"1641","54","470","0","0","2025-04-15 12:46:09",,"2025-04-15 12:46:09"
"1642","160","471","0","0","2025-04-16 17:52:33",,"2025-04-16 17:52:33"
"1643","160","471","0","0","2025-04-16 17:52:33",,"2025-04-16 17:52:33"
"1644","160","471","0","0","2025-04-16 17:52:33",,"2025-04-16 17:52:33"
"1645","160","471","0","0","2025-04-16 17:52:33",,"2025-04-16 17:52:33"
"1646","160","471","0","0","2025-04-16 17:52:33",,"2025-04-16 17:52:33"
"1647","192","472","0","0","2025-04-17 16:37:34",,"2025-04-17 16:37:34"
"1648","192","472","0","0","2025-04-17 16:37:34",,"2025-04-17 16:37:34"
"1649","192","472","0","0","2025-04-17 16:37:34",,"2025-04-17 16:37:34"
"1650","192","472","0","0","2025-04-17 16:37:34",,"2025-04-17 16:37:34"
"1651","192","472","0","0","2025-04-17 16:37:34",,"2025-04-17 16:37:34"
"1652","192","472","0","0","2025-04-17 16:37:34",,"2025-04-17 16:37:34"
"1653","142","473","0","0","2025-04-18 14:49:55",,"2025-04-18 14:49:55"
"1654","142","473","0","0","2025-04-18 14:49:55",,"2025-04-18 14:49:55"
"1655","142","473","0","0","2025-04-18 14:49:55",,"2025-04-18 14:49:55"
"1656","142","473","0","0","2025-04-18 14:49:55",,"2025-04-18 14:49:55"
"1657","142","473","0","0","2025-04-18 14:49:55",,"2025-04-18 14:49:55"
"1658","142","473","0","0","2025-04-18 14:49:55",,"2025-04-18 14:49:55"
"1659","142","473","0","0","2025-04-18 14:49:55",,"2025-04-18 14:49:55"
"1660","142","473","0","0","2025-04-18 14:49:55",,"2025-04-18 14:49:55"
"1661","142","473","0","0","2025-04-18 14:49:55",,"2025-04-18 14:49:55"
"1662","142","473","0","0","2025-04-18 14:49:55",,"2025-04-18 14:49:55"
"1663","142","473","0","0","2025-04-18 14:49:55",,"2025-04-18 14:49:55"
"1664","142","473","0","0","2025-04-18 14:49:55",,"2025-04-18 14:49:55"
"1665","142","473","0","0","2025-04-18 14:49:55",,"2025-04-18 14:49:55"
"1666","142","473","0","0","2025-04-18 14:49:55",,"2025-04-18 14:49:55"
"1667","142","473","0","0","2025-04-18 14:49:55",,"2025-04-18 14:49:55"
"1668","142","473","0","0","2025-04-18 14:49:55",,"2025-04-18 14:49:55"
"1669","142","473","0","0","2025-04-18 14:49:55",,"2025-04-18 14:49:55"
"1670","142","473","0","0","2025-04-18 14:49:55",,"2025-04-18 14:49:55"
"1671","109","474","0","0","2025-04-18 14:53:22",,"2025-04-18 14:53:22"
"1672","183","475","0","0","2025-04-19 15:26:17",,"2025-04-19 15:26:17"
"1673","183","475","0","0","2025-04-19 15:26:17",,"2025-04-19 15:26:17"
"1674","183","475","0","0","2025-04-19 15:26:17",,"2025-04-19 15:26:17"
"1675","183","475","0","0","2025-04-19 15:26:17",,"2025-04-19 15:26:17"
"1676","185","476","0","0","2025-04-23 13:57:15",,"2025-04-23 13:57:15"
"1677","142","477","0","0","2025-04-24 14:07:58",,"2025-04-24 14:07:58"
"1678","142","477","0","0","2025-04-24 14:07:58",,"2025-04-24 14:07:58"
"1679","142","477","0","0","2025-04-24 14:07:58",,"2025-04-24 14:07:58"
"1680","142","477","0","0","2025-04-24 14:07:58",,"2025-04-24 14:07:58"
"1681","142","477","0","0","2025-04-24 14:07:58",,"2025-04-24 14:07:58"
"1682","142","478","0","0","2025-04-24 14:14:18",,"2025-04-24 14:14:18"
"1683","142","478","0","0","2025-04-24 14:14:18",,"2025-04-24 14:14:18"
"1684","142","478","0","0","2025-04-24 14:14:18",,"2025-04-24 14:14:18"
"1685","142","478","0","0","2025-04-24 14:14:18",,"2025-04-24 14:14:18"
"1686","142","478","0","0","2025-04-24 14:14:18",,"2025-04-24 14:14:18"
"1687","193","479","0","0","2025-04-25 10:12:06",,"2025-04-25 10:12:06"
"1688","183","480","0","0","2025-04-25 12:33:20",,"2025-04-25 12:33:20"
"1689","183","480","0","0","2025-04-25 12:33:20",,"2025-04-25 12:33:20"
"1690","183","480","0","0","2025-04-25 12:33:20",,"2025-04-25 12:33:20"
"1691","183","480","0","0","2025-04-25 12:33:20",,"2025-04-25 12:33:20"
"1692","183","480","0","0","2025-04-25 12:33:20",,"2025-04-25 12:33:20"
"1693","183","480","0","0","2025-04-25 12:33:20",,"2025-04-25 12:33:20"
"1694","183","480","0","0","2025-04-25 12:33:20",,"2025-04-25 12:33:20"
"1695","87","481","0","0","2025-05-03 17:11:58",,"2025-05-03 17:11:58"
"1696","87","481","0","0","2025-05-03 17:11:58",,"2025-05-03 17:11:58"
"1697","87","481","0","0","2025-05-03 17:11:58",,"2025-05-03 17:11:58"
"1698","163","482","0","0","2025-05-08 12:39:03",,"2025-05-08 12:39:03"
"1699","163","482","0","0","2025-05-08 12:39:03",,"2025-05-08 12:39:03"
"1700","163","482","0","0","2025-05-08 12:39:03",,"2025-05-08 12:39:03"
"1701","163","482","0","0","2025-05-08 12:39:03",,"2025-05-08 12:39:03"
"1702","163","482","0","0","2025-05-08 12:39:03",,"2025-05-08 12:39:03"
"1703","163","482","0","0","2025-05-08 12:39:03",,"2025-05-08 12:39:03"
"1704","163","482","0","0","2025-05-08 12:39:03",,"2025-05-08 12:39:03"
"1705","163","482","0","0","2025-05-08 12:39:03",,"2025-05-08 12:39:03"
"1706","163","482","0","0","2025-05-08 12:39:03",,"2025-05-08 12:39:03"
"1707","163","482","0","0","2025-05-08 12:39:03",,"2025-05-08 12:39:03"
"1708","163","482","0","0","2025-05-08 12:39:03",,"2025-05-08 12:39:03"
"1709","163","482","0","0","2025-05-08 12:39:03",,"2025-05-08 12:39:03"
"1710","163","482","0","0","2025-05-08 12:39:03",,"2025-05-08 12:39:03"
"1711","163","482","0","0","2025-05-08 12:39:03",,"2025-05-08 12:39:03"
"1712","163","482","0","0","2025-05-08 12:39:03",,"2025-05-08 12:39:03"
"1713","163","482","0","0","2025-05-08 12:39:03",,"2025-05-08 12:39:03"
"1714","163","482","0","0","2025-05-08 12:39:03",,"2025-05-08 12:39:03"
"1715","163","482","0","0","2025-05-08 12:39:03",,"2025-05-08 12:39:03"
"1716","163","482","0","0","2025-05-08 12:39:03",,"2025-05-08 12:39:03"
"1717","163","482","0","0","2025-05-08 12:39:03",,"2025-05-08 12:39:03"
"1718","183","483","0","0","2025-05-09 10:34:52",,"2025-05-09 10:34:52"
"1719","183","483","0","0","2025-05-09 10:34:52",,"2025-05-09 10:34:52"
"1720","183","483","0","0","2025-05-09 10:34:52",,"2025-05-09 10:34:52"
"1721","183","483","0","0","2025-05-09 10:34:52",,"2025-05-09 10:34:52"
"1722","183","483","0","0","2025-05-09 10:34:52",,"2025-05-09 10:34:52"
"1723","183","483","0","0","2025-05-09 10:34:52",,"2025-05-09 10:34:52"
"1724","183","483","0","0","2025-05-09 10:34:52",,"2025-05-09 10:34:52"
"1725","183","483","0","0","2025-05-09 10:34:52",,"2025-05-09 10:34:52"
"1726","183","484","0","0","2025-05-09 10:47:32",,"2025-05-09 10:47:32"
"1727","183","484","0","0","2025-05-09 10:47:32",,"2025-05-09 10:47:32"
"1728","183","484","0","0","2025-05-09 10:47:32",,"2025-05-09 10:47:32"
"1729","183","484","0","0","2025-05-09 10:47:32",,"2025-05-09 10:47:32"
"1730","183","484","0","0","2025-05-09 10:47:32",,"2025-05-09 10:47:32"
"1731","183","484","0","0","2025-05-09 10:47:32",,"2025-05-09 10:47:32"
"1732","183","484","0","0","2025-05-09 10:47:32",,"2025-05-09 10:47:32"
"1733","183","485","0","0","2025-05-09 15:17:34",,"2025-05-09 15:17:34"
"1734","183","485","0","0","2025-05-09 15:17:34",,"2025-05-09 15:17:34"
"1735","183","485","0","0","2025-05-09 15:17:34",,"2025-05-09 15:17:34"
"1736","183","485","0","0","2025-05-09 15:17:34",,"2025-05-09 15:17:34"
"1737","183","485","0","0","2025-05-09 15:17:34",,"2025-05-09 15:17:34"
"1738","183","485","0","0","2025-05-09 15:17:34",,"2025-05-09 15:17:34"
"1739","183","485","0","0","2025-05-09 15:17:34",,"2025-05-09 15:17:34"
"1740","183","485","0","0","2025-05-09 15:17:34",,"2025-05-09 15:17:34"
"1741","183","485","0","0","2025-05-09 15:17:34",,"2025-05-09 15:17:34"
"1742","183","485","0","0","2025-05-09 15:17:34",,"2025-05-09 15:17:34"
"1743","183","485","0","0","2025-05-09 15:17:34",,"2025-05-09 15:17:34"
"1744","183","485","0","0","2025-05-09 15:17:34",,"2025-05-09 15:17:34"
"1745","183","485","0","0","2025-05-09 15:17:34",,"2025-05-09 15:17:34"
"1746","183","485","0","0","2025-05-09 15:17:34",,"2025-05-09 15:17:34"
"1747","183","485","0","0","2025-05-09 15:17:34",,"2025-05-09 15:17:34"
"1748","183","485","0","0","2025-05-09 15:17:34",,"2025-05-09 15:17:34"
"1749","183","485","0","0","2025-05-09 15:17:34",,"2025-05-09 15:17:34"
"1750","183","485","0","0","2025-05-09 15:17:34",,"2025-05-09 15:17:34"
"1751","183","485","0","0","2025-05-09 15:17:34",,"2025-05-09 15:17:34"
"1752","183","485","0","0","2025-05-09 15:17:34",,"2025-05-09 15:17:34"
"1753","183","485","0","0","2025-05-09 15:17:34",,"2025-05-09 15:17:34"
"1754","183","485","0","0","2025-05-09 15:17:34",,"2025-05-09 15:17:34"
"1755","183","485","0","0","2025-05-09 15:17:34",,"2025-05-09 15:17:34"
"1756","183","485","0","0","2025-05-09 15:17:34",,"2025-05-09 15:17:34"
"1757","183","485","0","0","2025-05-09 15:17:34",,"2025-05-09 15:17:34"
"1758","83","486","0","0","2025-05-10 15:46:46",,"2025-05-10 15:46:46"
"1759","83","486","0","0","2025-05-10 15:46:46",,"2025-05-10 15:46:46"
"1760","55","487","0","0","2025-05-13 11:18:30",,"2025-05-13 11:18:30"
"1761","55","487","0","0","2025-05-13 11:18:30",,"2025-05-13 11:18:30"
"1762","55","487","0","0","2025-05-13 11:18:30",,"2025-05-13 11:18:30"
"1763","55","487","0","0","2025-05-13 11:18:30",,"2025-05-13 11:18:30"
"1764","55","487","0","0","2025-05-13 11:18:30",,"2025-05-13 11:18:30"
"1765","176","488","0","0","2025-05-13 12:42:35",,"2025-05-13 12:42:35"
"1766","176","488","0","0","2025-05-13 12:42:35",,"2025-05-13 12:42:35"
"1767","176","488","0","0","2025-05-13 12:42:35",,"2025-05-13 12:42:35"
"1768","176","488","0","0","2025-05-13 12:42:35",,"2025-05-13 12:42:35"
"1769","176","488","0","0","2025-05-13 12:42:35",,"2025-05-13 12:42:35"
"1770","176","488","0","0","2025-05-13 12:42:35",,"2025-05-13 12:42:35"
"1771","176","488","0","0","2025-05-13 12:42:35",,"2025-05-13 12:42:35"
"1772","176","488","0","0","2025-05-13 12:42:35",,"2025-05-13 12:42:35"
"1773","142","489","0","0","2025-05-13 17:00:20",,"2025-05-13 17:00:20"
"1774","142","489","0","0","2025-05-13 17:00:20",,"2025-05-13 17:00:20"
"1775","142","489","0","0","2025-05-13 17:00:20",,"2025-05-13 17:00:20"
"1776","142","489","0","0","2025-05-13 17:00:20",,"2025-05-13 17:00:20"
"1777","194","490","0","0","2025-05-14 11:09:18",,"2025-05-14 11:09:18"
"1778","194","490","0","0","2025-05-14 11:09:18",,"2025-05-14 11:09:18"
"1779","194","490","0","0","2025-05-14 11:09:18",,"2025-05-14 11:09:18"
"1780","111","491","0","0","2025-05-20 10:21:25",,"2025-05-20 10:21:25"
"1781","111","491","0","0","2025-05-20 10:21:25",,"2025-05-20 10:21:25"
"1782","111","491","0","0","2025-05-20 10:21:25",,"2025-05-20 10:21:25"
"1783","111","491","0","0","2025-05-20 10:21:25",,"2025-05-20 10:21:25"
"1784","111","491","0","0","2025-05-20 10:21:25",,"2025-05-20 10:21:25"
"1785","111","491","0","0","2025-05-20 10:21:25",,"2025-05-20 10:21:25"
"1786","111","491","0","0","2025-05-20 10:21:25",,"2025-05-20 10:21:25"
"1787","111","491","0","0","2025-05-20 10:21:25",,"2025-05-20 10:21:25"
"1788","111","491","0","0","2025-05-20 10:21:25",,"2025-05-20 10:21:25"
"1789","111","491","0","0","2025-05-20 10:21:25",,"2025-05-20 10:21:25"
"1790","111","491","0","0","2025-05-20 10:21:25",,"2025-05-20 10:21:25"
"1791","111","491","0","0","2025-05-20 10:21:25",,"2025-05-20 10:21:25"
"1792","111","491","0","0","2025-05-20 10:21:25",,"2025-05-20 10:21:25"
"1793","111","491","0","0","2025-05-20 10:21:25",,"2025-05-20 10:21:25"
"1794","111","491","0","0","2025-05-20 10:21:25",,"2025-05-20 10:21:25"
"1795","111","491","0","0","2025-05-20 10:21:25",,"2025-05-20 10:21:25"
"1796","111","491","0","0","2025-05-20 10:21:25",,"2025-05-20 10:21:25"
"1797","111","491","0","0","2025-05-20 10:21:25",,"2025-05-20 10:21:25"
"1798","111","491","0","0","2025-05-20 10:21:25",,"2025-05-20 10:21:25"
"1799","111","491","0","0","2025-05-20 10:21:25",,"2025-05-20 10:21:25"
"1800","111","491","0","0","2025-05-20 10:21:25",,"2025-05-20 10:21:25"
"1801","111","491","0","0","2025-05-20 10:21:25",,"2025-05-20 10:21:25"
"1802","111","491","0","0","2025-05-20 10:21:25",,"2025-05-20 10:21:25"
"1803","111","491","0","0","2025-05-20 10:21:25",,"2025-05-20 10:21:25"
"1804","111","491","0","0","2025-05-20 10:21:25",,"2025-05-20 10:21:25"
"1805","111","491","0","0","2025-05-20 10:21:25",,"2025-05-20 10:21:25"
"1806","111","491","0","0","2025-05-20 10:21:25",,"2025-05-20 10:21:25"
"1807","111","491","0","0","2025-05-20 10:21:25",,"2025-05-20 10:21:25"
"1808","111","491","0","0","2025-05-20 10:21:25",,"2025-05-20 10:21:25"
"1809","114","492","0","0","2025-05-21 11:52:46",,"2025-05-21 11:52:46"
"1810","114","492","0","0","2025-05-21 11:52:46",,"2025-05-21 11:52:46"
"1811","114","492","0","0","2025-05-21 11:52:46",,"2025-05-21 11:52:46"
"1812","114","492","0","0","2025-05-21 11:52:46",,"2025-05-21 11:52:46"
"1813","114","493","0","0","2025-05-21 12:03:45",,"2025-05-21 12:03:45"
"1814","195","494","0","0","2025-05-21 14:23:53",,"2025-05-21 14:23:53"
"1815","195","494","0","0","2025-05-21 14:23:53",,"2025-05-21 14:23:53"
"1816","195","494","0","0","2025-05-21 14:23:53",,"2025-05-21 14:23:53"
"1817","195","494","0","0","2025-05-21 14:23:53",,"2025-05-21 14:23:53"
"1818","195","494","0","0","2025-05-21 14:23:53",,"2025-05-21 14:23:53"
"1819","195","494","0","0","2025-05-21 14:23:53",,"2025-05-21 14:23:53"
"1820","195","494","0","0","2025-05-21 14:23:53",,"2025-05-21 14:23:53"
"1821","195","494","0","0","2025-05-21 14:23:53",,"2025-05-21 14:23:53"
"1822","195","494","0","0","2025-05-21 14:23:53",,"2025-05-21 14:23:53"
"1823","195","494","0","0","2025-05-21 14:23:53",,"2025-05-21 14:23:53"
"1824","195","494","0","0","2025-05-21 14:23:53",,"2025-05-21 14:23:53"
"1825","195","494","0","0","2025-05-21 14:23:53",,"2025-05-21 14:23:53"
"1826","195","494","0","0","2025-05-21 14:23:53",,"2025-05-21 14:23:53"
"1827","195","494","0","0","2025-05-21 14:23:53",,"2025-05-21 14:23:53"
"1828","195","494","0","0","2025-05-21 14:23:53",,"2025-05-21 14:23:53"
"1829","183","495","0","0","2025-05-21 14:30:40",,"2025-05-21 14:30:40"
"1830","183","495","0","0","2025-05-21 14:30:40",,"2025-05-21 14:30:40"
"1831","183","495","0","0","2025-05-21 14:30:40",,"2025-05-21 14:30:40"
"1832","183","495","0","0","2025-05-21 14:30:40",,"2025-05-21 14:30:40"
"1833","183","495","0","0","2025-05-21 14:30:40",,"2025-05-21 14:30:40"
"1834","196","496","0","0","2025-05-23 15:04:17",,"2025-05-23 15:04:17"
"1835","196","496","0","0","2025-05-23 15:04:17",,"2025-05-23 15:04:17"
"1836","196","496","0","0","2025-05-23 15:04:17",,"2025-05-23 15:04:17"
"1837","196","496","0","0","2025-05-23 15:04:17",,"2025-05-23 15:04:17"
"1838","196","496","0","0","2025-05-23 15:04:17",,"2025-05-23 15:04:17"
"1839","196","496","0","0","2025-05-23 15:04:17",,"2025-05-23 15:04:17"
"1840","196","496","0","0","2025-05-23 15:04:17",,"2025-05-23 15:04:17"
"1841","196","496","0","0","2025-05-23 15:04:17",,"2025-05-23 15:04:17"
"1842","196","496","0","0","2025-05-23 15:04:17",,"2025-05-23 15:04:17"
"1843","196","496","0","0","2025-05-23 15:04:17",,"2025-05-23 15:04:17"
"1844","196","496","0","0","2025-05-23 15:04:17",,"2025-05-23 15:04:17"
"1845","196","496","0","0","2025-05-23 15:04:17",,"2025-05-23 15:04:17"
"1846","196","496","0","0","2025-05-23 15:04:17",,"2025-05-23 15:04:17"
"1847","196","496","0","0","2025-05-23 15:04:17",,"2025-05-23 15:04:17"
"1848","196","496","0","0","2025-05-23 15:04:17",,"2025-05-23 15:04:17"
"1849","196","496","0","0","2025-05-23 15:04:17",,"2025-05-23 15:04:17"
"1850","196","496","0","0","2025-05-23 15:04:17",,"2025-05-23 15:04:17"
"1851","196","496","0","0","2025-05-23 15:04:17",,"2025-05-23 15:04:17"
"1852","196","496","0","0","2025-05-23 15:04:17",,"2025-05-23 15:04:17"
"1853","196","496","0","0","2025-05-23 15:04:17",,"2025-05-23 15:04:17"
"1854","196","496","0","0","2025-05-23 15:04:17",,"2025-05-23 15:04:17"
"1855","196","496","0","0","2025-05-23 15:04:17",,"2025-05-23 15:04:17"
"1856","196","496","0","0","2025-05-23 15:04:17",,"2025-05-23 15:04:17"
"1857","196","496","0","0","2025-05-23 15:04:17",,"2025-05-23 15:04:17"
"1858","196","496","0","0","2025-05-23 15:04:17",,"2025-05-23 15:04:17"
"1859","196","497","0","0","2025-05-23 15:08:36",,"2025-05-23 15:08:36"
"1860","196","497","0","0","2025-05-23 15:08:36",,"2025-05-23 15:08:36"
"1861","196","497","0","0","2025-05-23 15:08:36",,"2025-05-23 15:08:36"
"1862","196","497","0","0","2025-05-23 15:08:36",,"2025-05-23 15:08:36"
"1863","196","498","0","0","2025-05-23 15:12:56",,"2025-05-23 15:12:56"
"1864","196","498","0","0","2025-05-23 15:12:56",,"2025-05-23 15:12:56"
"1865","196","498","0","0","2025-05-23 15:12:56",,"2025-05-23 15:12:56"
"1866","196","498","0","0","2025-05-23 15:12:56",,"2025-05-23 15:12:56"
"1867","196","498","0","0","2025-05-23 15:12:56",,"2025-05-23 15:12:56"
"1868","196","498","0","0","2025-05-23 15:12:56",,"2025-05-23 15:12:56"
"1869","196","498","0","0","2025-05-23 15:12:56",,"2025-05-23 15:12:56"
"1870","196","498","0","0","2025-05-23 15:12:56",,"2025-05-23 15:12:56"
"1871","196","498","0","0","2025-05-23 15:12:56",,"2025-05-23 15:12:56"
"1872","196","498","0","0","2025-05-23 15:12:56",,"2025-05-23 15:12:56"
"1873","196","499","0","0","2025-05-23 15:16:14",,"2025-05-23 15:16:14"
"1874","196","499","0","0","2025-05-23 15:16:14",,"2025-05-23 15:16:14"
"1875","196","499","0","0","2025-05-23 15:16:14",,"2025-05-23 15:16:14"
"1876","196","499","0","0","2025-05-23 15:16:14",,"2025-05-23 15:16:14"
"1877","196","499","0","0","2025-05-23 15:16:14",,"2025-05-23 15:16:14"
"1878","196","499","0","0","2025-05-23 15:16:14",,"2025-05-23 15:16:14"
"1879","196","500","0","0","2025-05-23 15:19:31",,"2025-05-23 15:19:31"
"1880","196","500","0","0","2025-05-23 15:19:31",,"2025-05-23 15:19:31"
"1881","196","500","0","0","2025-05-23 15:19:31",,"2025-05-23 15:19:31"
"1882","196","500","0","0","2025-05-23 15:19:31",,"2025-05-23 15:19:31"
"1883","196","500","0","0","2025-05-23 15:19:31",,"2025-05-23 15:19:31"
"1884","196","500","0","0","2025-05-23 15:19:31",,"2025-05-23 15:19:31"
"1885","196","501","0","0","2025-05-24 15:28:15",,"2025-05-24 15:28:15"
"1886","196","501","0","0","2025-05-24 15:28:15",,"2025-05-24 15:28:15"
"1887","196","501","0","0","2025-05-24 15:28:15",,"2025-05-24 15:28:15"
"1888","196","501","0","0","2025-05-24 15:28:15",,"2025-05-24 15:28:15"
"1889","196","501","0","0","2025-05-24 15:28:15",,"2025-05-24 15:28:15"
"1890","111","502","0","0","2025-05-24 16:14:51",,"2025-05-24 16:14:51"
"1891","111","502","0","0","2025-05-24 16:14:51",,"2025-05-24 16:14:51"
"1892","111","502","0","0","2025-05-24 16:14:51",,"2025-05-24 16:14:51"
"1893","111","502","0","0","2025-05-24 16:14:51",,"2025-05-24 16:14:51"
"1894","111","502","0","0","2025-05-24 16:14:51",,"2025-05-24 16:14:51"
"1895","111","502","0","0","2025-05-24 16:14:51",,"2025-05-24 16:14:51"
"1896","111","502","0","0","2025-05-24 16:14:51",,"2025-05-24 16:14:51"
"1897","185","503","0","0","2025-05-27 10:21:37",,"2025-05-27 10:21:37"
"1898","195","504","0","0","2025-05-27 10:34:55",,"2025-05-27 10:34:55"
"1899","195","504","0","0","2025-05-27 10:34:55",,"2025-05-27 10:34:55"
"1900","195","505","0","0","2025-05-27 12:03:24",,"2025-05-27 12:03:24"
"1901","195","505","0","0","2025-05-27 12:03:24",,"2025-05-27 12:03:24"
"1902","183","506","0","0","2025-05-29 10:52:22",,"2025-05-29 10:52:22"
"1903","197","507","0","0","2025-05-30 14:26:10",,"2025-05-30 14:26:10"
"1904","197","507","0","0","2025-05-30 14:26:10",,"2025-05-30 14:26:10"
"1905","197","507","0","0","2025-05-30 14:26:10",,"2025-05-30 14:26:10"
"1906","197","507","0","0","2025-05-30 14:26:10",,"2025-05-30 14:26:10"
"1907","197","507","0","0","2025-05-30 14:26:10",,"2025-05-30 14:26:10"
"1908","197","507","0","0","2025-05-30 14:26:10",,"2025-05-30 14:26:10"
"1909","197","507","0","0","2025-05-30 14:26:10",,"2025-05-30 14:26:10"
"1910","197","507","0","0","2025-05-30 14:26:10",,"2025-05-30 14:26:10"
"1911","197","507","0","0","2025-05-30 14:26:10",,"2025-05-30 14:26:10"
"1912","197","507","0","0","2025-05-30 14:26:10",,"2025-05-30 14:26:10"
"1913","197","507","0","0","2025-05-30 14:26:10",,"2025-05-30 14:26:10"
"1914","195","508","0","0","2025-05-30 17:04:33",,"2025-05-30 17:04:33"
"1915","195","508","0","0","2025-05-30 17:04:33",,"2025-05-30 17:04:33"
"1916","195","508","0","0","2025-05-30 17:04:33",,"2025-05-30 17:04:33"
"1917","195","508","0","0","2025-05-30 17:04:33",,"2025-05-30 17:04:33"
"1918","195","508","0","0","2025-05-30 17:04:33",,"2025-05-30 17:04:33"
"1919","195","508","0","0","2025-05-30 17:04:33",,"2025-05-30 17:04:33"
"1920","195","508","0","0","2025-05-30 17:04:33",,"2025-05-30 17:04:33"
"1921","195","508","0","0","2025-05-30 17:04:33",,"2025-05-30 17:04:33"
"1922","195","508","0","0","2025-05-30 17:04:33",,"2025-05-30 17:04:33"
"1923","195","508","0","0","2025-05-30 17:04:33",,"2025-05-30 17:04:33"
"1924","195","508","0","0","2025-05-30 17:04:33",,"2025-05-30 17:04:33"
"1925","195","508","0","0","2025-05-30 17:04:33",,"2025-05-30 17:04:33"
"1926","195","508","0","0","2025-05-30 17:04:33",,"2025-05-30 17:04:33"
"1927","195","508","0","0","2025-05-30 17:04:33",,"2025-05-30 17:04:33"
"1928","195","508","0","0","2025-05-30 17:04:33",,"2025-05-30 17:04:33"
"1929","195","508","0","0","2025-05-30 17:04:33",,"2025-05-30 17:04:33"
"1930","195","508","0","0","2025-05-30 17:04:33",,"2025-05-30 17:04:33"
"1931","195","508","0","0","2025-05-30 17:04:33",,"2025-05-30 17:04:33"
"1932","195","508","0","0","2025-05-30 17:04:33",,"2025-05-30 17:04:33"
"1933","195","508","0","0","2025-05-30 17:04:33",,"2025-05-30 17:04:33"
"1934","195","508","0","0","2025-05-30 17:04:33",,"2025-05-30 17:04:33"
"1935","195","508","0","0","2025-05-30 17:04:33",,"2025-05-30 17:04:33"
"1936","197","509","0","0","2025-05-31 15:07:07",,"2025-05-31 15:07:07"
"1937","197","509","0","0","2025-05-31 15:07:07",,"2025-05-31 15:07:07"
"1938","163","510","0","0","2025-05-31 15:18:26",,"2025-05-31 15:18:26"
"1939","163","510","0","0","2025-05-31 15:18:26",,"2025-05-31 15:18:26"
"1940","163","510","0","0","2025-05-31 15:18:26",,"2025-05-31 15:18:26"
"1941","163","511","0","0","2025-05-31 15:38:11",,"2025-05-31 15:38:11"
"1942","198","512","0","0","2025-06-10 11:42:50",,"2025-06-10 11:42:50"
"1943","198","512","0","0","2025-06-10 11:42:50",,"2025-06-10 11:42:50"
"1944","198","513","0","0","2025-06-10 11:42:54",,"2025-06-10 11:42:54"
"1945","198","513","0","0","2025-06-10 11:42:54",,"2025-06-10 11:42:54"
"1946","190","514","0","0","2025-06-11 10:21:46",,"2025-06-11 10:21:46"
"1947","190","514","0","0","2025-06-11 10:21:46",,"2025-06-11 10:21:46"
"1948","183","515","0","0","2025-06-11 16:52:00",,"2025-06-11 16:52:00"
"1949","183","515","0","0","2025-06-11 16:52:00",,"2025-06-11 16:52:00"
"1950","183","515","0","0","2025-06-11 16:52:00",,"2025-06-11 16:52:00"
"1951","176","516","0","0","2025-06-12 15:34:09",,"2025-06-12 15:34:09"
"1952","176","516","0","0","2025-06-12 15:34:09",,"2025-06-12 15:34:09"
"1953","176","516","0","0","2025-06-12 15:34:09",,"2025-06-12 15:34:09"
"1954","142","517","0","0","2025-06-14 12:03:29",,"2025-06-14 12:03:29"
"1955","183","518","0","0","2025-06-14 12:56:17",,"2025-06-14 12:56:17"
"1956","199","519","0","0","2025-06-18 15:45:25",,"2025-06-18 15:45:25"
"1957","199","519","0","0","2025-06-18 15:45:25",,"2025-06-18 15:45:25"
"1958","199","519","0","0","2025-06-18 15:45:25",,"2025-06-18 15:45:25"
"1959","199","519","0","0","2025-06-18 15:45:25",,"2025-06-18 15:45:25"
"1960","199","519","0","0","2025-06-18 15:45:25",,"2025-06-18 15:45:25"
"1961","199","519","0","0","2025-06-18 15:45:25",,"2025-06-18 15:45:25"
"1962","199","519","0","0","2025-06-18 15:45:25",,"2025-06-18 15:45:25"
"1963","199","519","0","0","2025-06-18 15:45:25",,"2025-06-18 15:45:25"
"1964","199","519","0","0","2025-06-18 15:45:25",,"2025-06-18 15:45:25"
"1965","179","520","0","0","2025-06-20 15:34:34",,"2025-06-20 15:34:34"
"1966","179","520","0","0","2025-06-20 15:34:34",,"2025-06-20 15:34:34"
"1967","179","520","0","0","2025-06-20 15:34:34",,"2025-06-20 15:34:34"
"1968","179","520","0","0","2025-06-20 15:34:34",,"2025-06-20 15:34:34"
"1969","179","520","0","0","2025-06-20 15:34:34",,"2025-06-20 15:34:34"
"1970","179","520","0","0","2025-06-20 15:34:34",,"2025-06-20 15:34:34"
"1971","132","521","0","0","2025-06-20 15:40:19",,"2025-06-20 15:40:19"
"1972","132","521","0","0","2025-06-20 15:40:19",,"2025-06-20 15:40:19"
"1973","132","521","0","0","2025-06-20 15:40:19",,"2025-06-20 15:40:19"
"1974","132","521","0","0","2025-06-20 15:40:19",,"2025-06-20 15:40:19"
"1975","132","521","0","0","2025-06-20 15:40:19",,"2025-06-20 15:40:19"
"1976","132","521","0","0","2025-06-20 15:40:19",,"2025-06-20 15:40:19"
"1977","132","521","0","0","2025-06-20 15:40:19",,"2025-06-20 15:40:19"
"1978","132","521","0","0","2025-06-20 15:40:19",,"2025-06-20 15:40:19"
"1979","200","522","0","0","2025-06-24 12:07:06",,"2025-06-24 12:07:06"
"1980","200","522","0","0","2025-06-24 12:07:06",,"2025-06-24 12:07:06"
"1981","200","522","0","0","2025-06-24 12:07:06",,"2025-06-24 12:07:06"
"1982","200","522","0","0","2025-06-24 12:07:06",,"2025-06-24 12:07:06"
"1983","200","522","0","0","2025-06-24 12:07:06",,"2025-06-24 12:07:06"
"1984","200","522","0","0","2025-06-24 12:07:06",,"2025-06-24 12:07:06"
"1985","200","522","0","0","2025-06-24 12:07:06",,"2025-06-24 12:07:06"
"1986","200","522","0","0","2025-06-24 12:07:06",,"2025-06-24 12:07:06"
"1987","200","522","0","0","2025-06-24 12:07:06",,"2025-06-24 12:07:06"
"1988","200","522","0","0","2025-06-24 12:07:06",,"2025-06-24 12:07:06"
"1989","200","522","0","0","2025-06-24 12:07:06",,"2025-06-24 12:07:06"
"1990","200","522","0","0","2025-06-24 12:07:06",,"2025-06-24 12:07:06"
"1991","200","522","0","0","2025-06-24 12:07:06",,"2025-06-24 12:07:06"
"1992","200","522","0","0","2025-06-24 12:07:06",,"2025-06-24 12:07:06"
"1993","200","522","0","0","2025-06-24 12:07:06",,"2025-06-24 12:07:06"
"1994","200","522","0","0","2025-06-24 12:07:06",,"2025-06-24 12:07:06"
"1995","200","522","0","0","2025-06-24 12:07:06",,"2025-06-24 12:07:06"
"1996","200","522","0","0","2025-06-24 12:07:06",,"2025-06-24 12:07:06"
"1997","200","522","0","0","2025-06-24 12:07:06",,"2025-06-24 12:07:06"
"1998","200","522","0","0","2025-06-24 12:07:06",,"2025-06-24 12:07:06"
"1999","200","522","0","0","2025-06-24 12:07:06",,"2025-06-24 12:07:06"
"2000","200","522","0","0","2025-06-24 12:07:06",,"2025-06-24 12:07:06"
"2001","200","522","0","0","2025-06-24 12:07:06",,"2025-06-24 12:07:06"
"2002","200","522","0","0","2025-06-24 12:07:06",,"2025-06-24 12:07:06"
"2003","200","522","0","0","2025-06-24 12:07:06",,"2025-06-24 12:07:06"
"2004","200","522","0","0","2025-06-24 12:07:06",,"2025-06-24 12:07:06"
"2005","73","523","0","0","2025-06-24 12:29:53",,"2025-06-24 12:29:53"
"2006","73","523","0","0","2025-06-24 12:29:53",,"2025-06-24 12:29:53"
"2007","73","523","0","0","2025-06-24 12:29:53",,"2025-06-24 12:29:53"
"2008","73","523","0","0","2025-06-24 12:29:53",,"2025-06-24 12:29:53"
"2009","73","523","0","0","2025-06-24 12:29:53",,"2025-06-24 12:29:53"
"2010","73","523","0","0","2025-06-24 12:29:53",,"2025-06-24 12:29:53"
"2011","73","523","0","0","2025-06-24 12:29:53",,"2025-06-24 12:29:53"
"2012","200","524","0","0","2025-06-24 12:43:23",,"2025-06-24 12:43:23"
"2013","200","524","0","0","2025-06-24 12:43:23",,"2025-06-24 12:43:23"
"2014","200","524","0","0","2025-06-24 12:43:23",,"2025-06-24 12:43:23"
"2015","200","524","0","0","2025-06-24 12:43:23",,"2025-06-24 12:43:23"
"2016","201","525","0","0","2025-06-24 13:13:40",,"2025-06-24 13:13:40"
"2017","202","526","0","0","2025-06-26 15:13:28",,"2025-06-26 15:13:28"
"2018","202","526","0","0","2025-06-26 15:13:28",,"2025-06-26 15:13:28"
"2019","202","526","0","0","2025-06-26 15:13:28",,"2025-06-26 15:13:28"
"2020","202","526","0","0","2025-06-26 15:13:28",,"2025-06-26 15:13:28"
"2021","202","526","0","0","2025-06-26 15:13:28",,"2025-06-26 15:13:28"
"2022","202","526","0","0","2025-06-26 15:13:28",,"2025-06-26 15:13:28"
"2023","132","527","0","0","2025-06-27 11:47:21",,"2025-06-27 11:47:21"
"2024","109","528","0","0","2025-06-27 15:33:32",,"2025-06-27 15:33:32"
"2025","109","528","0","0","2025-06-27 15:33:32",,"2025-06-27 15:33:32"
"2026","109","528","0","0","2025-06-27 15:33:32",,"2025-06-27 15:33:32"
"2027","109","528","0","0","2025-06-27 15:33:32",,"2025-06-27 15:33:32"
"2028","109","528","0","0","2025-06-27 15:33:32",,"2025-06-27 15:33:32"
"2029","109","528","0","0","2025-06-27 15:33:32",,"2025-06-27 15:33:32"
"2030","109","528","0","0","2025-06-27 15:33:32",,"2025-06-27 15:33:32"
"2031","109","528","0","0","2025-06-27 15:33:32",,"2025-06-27 15:33:32"
"2032","202","529","0","0","2025-06-27 15:36:09",,"2025-06-27 15:36:09"
"2033","203","530","0","0","2025-07-02 10:08:13",,"2025-07-02 10:08:13"
"2034","204","531","0","0","2025-07-02 14:15:47",,"2025-07-02 14:15:47"
"2035","204","531","0","0","2025-07-02 14:15:47",,"2025-07-02 14:15:47"
"2036","204","531","0","0","2025-07-02 14:15:47",,"2025-07-02 14:15:47"
"2037","205","532","0","0","2025-07-02 14:26:38",,"2025-07-02 14:26:38"
"2038","205","532","0","0","2025-07-02 14:26:38",,"2025-07-02 14:26:38"
"2039","205","532","0","0","2025-07-02 14:26:38",,"2025-07-02 14:26:38"
"2040","205","532","0","0","2025-07-02 14:26:38",,"2025-07-02 14:26:38"
"2041","205","532","0","0","2025-07-02 14:26:38",,"2025-07-02 14:26:38"
"2042","205","532","0","0","2025-07-02 14:26:38",,"2025-07-02 14:26:38"
"2043","205","532","0","0","2025-07-02 14:26:38",,"2025-07-02 14:26:38"
"2044","205","532","0","0","2025-07-02 14:26:38",,"2025-07-02 14:26:38"
"2045","205","532","0","0","2025-07-02 14:26:38",,"2025-07-02 14:26:38"
"2046","205","532","0","0","2025-07-02 14:26:38",,"2025-07-02 14:26:38"
"2047","205","532","0","0","2025-07-02 14:26:38",,"2025-07-02 14:26:38"
"2048","205","532","0","0","2025-07-02 14:26:38",,"2025-07-02 14:26:38"
"2049","205","532","0","0","2025-07-02 14:26:38",,"2025-07-02 14:26:38"
"2050","205","532","0","0","2025-07-02 14:26:38",,"2025-07-02 14:26:38"
"2051","205","533","0","0","2025-07-02 14:52:19",,"2025-07-02 14:52:19"
"2052","205","533","0","0","2025-07-02 14:52:19",,"2025-07-02 14:52:19"
"2053","205","533","0","0","2025-07-02 14:52:19",,"2025-07-02 14:52:19"
"2054","205","533","0","0","2025-07-02 14:52:19",,"2025-07-02 14:52:19"
"2055","205","533","0","0","2025-07-02 14:52:19",,"2025-07-02 14:52:19"
"2056","205","533","0","0","2025-07-02 14:52:19",,"2025-07-02 14:52:19"
"2057","205","533","0","0","2025-07-02 14:52:19",,"2025-07-02 14:52:19"
"2058","205","533","0","0","2025-07-02 14:52:19",,"2025-07-02 14:52:19"
"2059","205","533","0","0","2025-07-02 14:52:19",,"2025-07-02 14:52:19"
"2060","205","533","0","0","2025-07-02 14:52:19",,"2025-07-02 14:52:19"
"2061","205","533","0","0","2025-07-02 14:52:19",,"2025-07-02 14:52:19"
"2062","205","533","0","0","2025-07-02 14:52:19",,"2025-07-02 14:52:19"
"2063","205","533","0","0","2025-07-02 14:52:19",,"2025-07-02 14:52:19"
"2064","205","533","0","0","2025-07-02 14:52:19",,"2025-07-02 14:52:19"
"2065","205","533","0","0","2025-07-02 14:52:19",,"2025-07-02 14:52:19"
"2066","205","533","0","0","2025-07-02 14:52:19",,"2025-07-02 14:52:19"
"2067","205","533","0","0","2025-07-02 14:52:19",,"2025-07-02 14:52:19"
"2068","205","533","0","0","2025-07-02 14:52:19",,"2025-07-02 14:52:19"
"2069","205","533","0","0","2025-07-02 14:52:19",,"2025-07-02 14:52:19"
"2070","205","533","0","0","2025-07-02 14:52:19",,"2025-07-02 14:52:19"
"2071","151","534","0","0","2025-07-02 15:02:12",,"2025-07-02 15:02:12"
"2072","151","534","0","0","2025-07-02 15:02:12",,"2025-07-02 15:02:12"
"2073","205","535","0","0","2025-07-08 10:12:14",,"2025-07-08 10:12:14"
"2074","205","535","0","0","2025-07-08 10:12:14",,"2025-07-08 10:12:14"
"2075","200","536","0","0","2025-07-08 13:02:31",,"2025-07-08 13:02:31"
"2076","200","536","0","0","2025-07-08 13:02:31",,"2025-07-08 13:02:31"
"2077","200","536","0","0","2025-07-08 13:02:31",,"2025-07-08 13:02:31"
"2078","200","536","0","0","2025-07-08 13:02:31",,"2025-07-08 13:02:31"
"2079","200","536","0","0","2025-07-08 13:02:31",,"2025-07-08 13:02:31"
"2080","200","536","0","0","2025-07-08 13:02:31",,"2025-07-08 13:02:31"
"2081","200","536","0","0","2025-07-08 13:02:31",,"2025-07-08 13:02:31"
"2082","200","536","0","0","2025-07-08 13:02:31",,"2025-07-08 13:02:31"
"2083","200","536","0","0","2025-07-08 13:02:31",,"2025-07-08 13:02:31"
"2084","200","536","0","0","2025-07-08 13:02:31",,"2025-07-08 13:02:31"
"2085","200","536","0","0","2025-07-08 13:02:31",,"2025-07-08 13:02:31"
"2086","200","536","0","0","2025-07-08 13:02:31",,"2025-07-08 13:02:31"
"2087","200","536","0","0","2025-07-08 13:02:31",,"2025-07-08 13:02:31"
"2088","200","536","0","0","2025-07-08 13:02:31",,"2025-07-08 13:02:31"
"2089","200","536","0","0","2025-07-08 13:02:31",,"2025-07-08 13:02:31"
"2090","200","536","0","0","2025-07-08 13:02:31",,"2025-07-08 13:02:31"
"2091","200","536","0","0","2025-07-08 13:02:31",,"2025-07-08 13:02:31"
"2092","200","536","0","0","2025-07-08 13:02:31",,"2025-07-08 13:02:31"
"2093","200","536","0","0","2025-07-08 13:02:31",,"2025-07-08 13:02:31"
"2094","205","537","0","0","2025-07-08 15:20:38",,"2025-07-08 15:20:38"
"2095","205","537","0","0","2025-07-08 15:20:38",,"2025-07-08 15:20:38"
"2096","205","537","0","0","2025-07-08 15:20:38",,"2025-07-08 15:20:38"
"2097","205","538","0","0","2025-07-08 15:22:28",,"2025-07-08 15:22:28"
"2098","205","538","0","0","2025-07-08 15:22:28",,"2025-07-08 15:22:28"
"2099","151","539","0","0","2025-07-08 16:20:35",,"2025-07-08 16:20:35"
"2100","151","539","0","0","2025-07-08 16:20:35",,"2025-07-08 16:20:35"
"2101","206","540","0","0","2025-07-10 14:06:49",,"2025-07-10 14:06:49"
"2102","206","540","0","0","2025-07-10 14:06:49",,"2025-07-10 14:06:49"
"2103","206","540","0","0","2025-07-10 14:06:49",,"2025-07-10 14:06:49"
"2104","206","540","0","0","2025-07-10 14:06:49",,"2025-07-10 14:06:49"
"2105","206","540","0","0","2025-07-10 14:06:49",,"2025-07-10 14:06:49"
"2106","206","540","0","0","2025-07-10 14:06:49",,"2025-07-10 14:06:49"
"2107","207","541","0","0","2025-07-15 09:38:24",,"2025-07-15 09:38:24"
"2108","207","541","0","0","2025-07-15 09:38:24",,"2025-07-15 09:38:24"
"2109","114","542","0","0","2025-07-17 12:50:45",,"2025-07-17 12:50:45"
"2110","114","542","0","0","2025-07-17 12:50:45",,"2025-07-17 12:50:45"
"2111","114","542","0","0","2025-07-17 12:50:45",,"2025-07-17 12:50:45"
"2112","114","542","0","0","2025-07-17 12:50:45",,"2025-07-17 12:50:45"
"2113","114","542","0","0","2025-07-17 12:50:45",,"2025-07-17 12:50:45"
"2114","111","543","0","0","2025-07-19 11:49:20",,"2025-07-19 11:49:20"
"2115","111","543","0","0","2025-07-19 11:49:20",,"2025-07-19 11:49:20"
"2116","111","543","0","0","2025-07-19 11:49:20",,"2025-07-19 11:49:20"
"2117","111","543","0","0","2025-07-19 11:49:20",,"2025-07-19 11:49:20"
"2118","208","544","0","0","2025-07-22 12:27:08",,"2025-07-22 12:27:08"
"2119","208","544","0","0","2025-07-22 12:27:08",,"2025-07-22 12:27:08"
"2120","114","545","0","0","2025-07-24 09:38:51",,"2025-07-24 09:38:51"
"2121","114","545","0","0","2025-07-24 09:38:51",,"2025-07-24 09:38:51"
"2122","114","545","0","0","2025-07-24 09:38:51",,"2025-07-24 09:38:51"
"2123","114","545","0","0","2025-07-24 09:38:51",,"2025-07-24 09:38:51"
"2124","114","545","0","0","2025-07-24 09:38:51",,"2025-07-24 09:38:51"
"2125","114","545","0","0","2025-07-24 09:38:51",,"2025-07-24 09:38:51"
"2126","114","545","0","0","2025-07-24 09:38:51",,"2025-07-24 09:38:51"
"2127","198","546","0","0","2025-07-24 14:16:00",,"2025-07-24 14:16:00"
"2128","198","546","0","0","2025-07-24 14:16:00",,"2025-07-24 14:16:00"
"2129","198","546","0","0","2025-07-24 14:16:00",,"2025-07-24 14:16:00"
"2130","198","546","0","0","2025-07-24 14:16:00",,"2025-07-24 14:16:00"
"2131","198","546","0","0","2025-07-24 14:16:00",,"2025-07-24 14:16:00"
"2132","55","547","0","0","2025-07-26 13:11:25",,"2025-07-26 13:11:25"
"2133","55","547","0","0","2025-07-26 13:11:25",,"2025-07-26 13:11:25"
"2134","55","547","0","0","2025-07-26 13:11:25",,"2025-07-26 13:11:25"
"2135","203","548","0","0","2025-07-29 16:47:36",,"2025-07-29 16:47:36"
"2136","203","548","0","0","2025-07-29 16:47:36",,"2025-07-29 16:47:36"
"2137","203","548","0","0","2025-07-29 16:47:36",,"2025-07-29 16:47:36"
"2138","203","549","0","0","2025-07-30 14:21:11",,"2025-07-30 14:21:11"
"2139","203","549","0","0","2025-07-30 14:21:11",,"2025-07-30 14:21:11"
"2140","183","550","0","0","2025-08-01 09:19:31",,"2025-08-01 09:19:31"
"2141","183","550","0","0","2025-08-01 09:19:31",,"2025-08-01 09:19:31"
"2142","183","550","0","0","2025-08-01 09:19:31",,"2025-08-01 09:19:31"
"2143","114","551","0","0","2025-08-16 15:02:35",,"2025-08-16 15:02:35"
"2144","114","551","0","0","2025-08-16 15:02:35",,"2025-08-16 15:02:35"
"2145","114","551","0","0","2025-08-16 15:02:35",,"2025-08-16 15:02:35"
"2146","114","551","0","0","2025-08-16 15:02:35",,"2025-08-16 15:02:35"
"2147","0","552","0","0","2025-08-16 15:05:48",,"2025-08-16 15:05:48"
"2148","196","553","0","0","2025-08-19 11:38:40",,"2025-08-19 11:38:40"
"2149","196","553","0","0","2025-08-19 11:38:40",,"2025-08-19 11:38:40"
"2150","196","553","0","0","2025-08-19 11:38:40",,"2025-08-19 11:38:40"
"2151","196","553","0","0","2025-08-19 11:38:40",,"2025-08-19 11:38:40"
"2152","196","554","0","0","2025-08-20 14:12:05",,"2025-08-20 14:12:05"
"2153","196","554","0","0","2025-08-20 14:12:05",,"2025-08-20 14:12:05"
"2154","73","555","0","0","2025-08-21 12:20:35",,"2025-08-21 12:20:35"
"2155","140","556","0","0","2025-08-26 11:49:09",,"2025-08-26 11:49:09"
"2156","140","556","0","0","2025-08-26 11:49:09",,"2025-08-26 11:49:09"
"2157","140","556","0","0","2025-08-26 11:49:09",,"2025-08-26 11:49:09"
"2158","69","557","0","0","2025-08-28 11:25:16",,"2025-08-28 11:25:16"
"2159","69","557","0","0","2025-08-28 11:25:16",,"2025-08-28 11:25:16"
"2160","69","557","0","0","2025-08-28 11:25:16",,"2025-08-28 11:25:16"
"2161","69","557","0","0","2025-08-28 11:25:16",,"2025-08-28 11:25:16"
"2162","69","557","0","0","2025-08-28 11:25:16",,"2025-08-28 11:25:16"
"2163","69","557","0","0","2025-08-28 11:25:16",,"2025-08-28 11:25:16"
"2164","69","557","0","0","2025-08-28 11:25:16",,"2025-08-28 11:25:16"
"2165","69","557","0","0","2025-08-28 11:25:16",,"2025-08-28 11:25:16"
"2166","122","558","0","0","2025-08-28 17:25:23",,"2025-08-28 17:25:23"
"2167","122","558","0","0","2025-08-28 17:25:23",,"2025-08-28 17:25:23"
"2168","159","559","0","0","2025-08-30 17:04:11",,"2025-08-30 17:04:11"
"2169","159","559","0","0","2025-08-30 17:04:11",,"2025-08-30 17:04:11"
"2170","159","559","0","0","2025-08-30 17:04:11",,"2025-08-30 17:04:11"
"2171","111","560","0","0","2025-09-03 11:12:56",,"2025-09-03 11:12:56"
"2172","111","560","0","0","2025-09-03 11:12:56",,"2025-09-03 11:12:56"
"2173","111","560","0","0","2025-09-03 11:12:56",,"2025-09-03 11:12:56"
"2174","111","560","0","0","2025-09-03 11:12:56",,"2025-09-03 11:12:56"
"2175","111","560","0","0","2025-09-03 11:12:56",,"2025-09-03 11:12:56"
"2176","111","560","0","0","2025-09-03 11:12:56",,"2025-09-03 11:12:56"
"2177","111","560","0","0","2025-09-03 11:12:56",,"2025-09-03 11:12:56"
"2178","111","560","0","0","2025-09-03 11:12:56",,"2025-09-03 11:12:56"
"2179","111","560","0","0","2025-09-03 11:12:56",,"2025-09-03 11:12:56"
"2180","111","560","0","0","2025-09-03 11:12:56",,"2025-09-03 11:12:56"
"2181","111","560","0","0","2025-09-03 11:12:56",,"2025-09-03 11:12:56"
"2182","111","560","0","0","2025-09-03 11:12:56",,"2025-09-03 11:12:56"
"2183","111","560","0","0","2025-09-03 11:12:56",,"2025-09-03 11:12:56"
"2184","111","560","0","0","2025-09-03 11:12:56",,"2025-09-03 11:12:56"
"2185","111","560","0","0","2025-09-03 11:12:56",,"2025-09-03 11:12:56"
"2186","111","560","0","0","2025-09-03 11:12:56",,"2025-09-03 11:12:56"
"2187","111","560","0","0","2025-09-03 11:12:56",,"2025-09-03 11:12:56"
"2188","111","560","0","0","2025-09-03 11:12:56",,"2025-09-03 11:12:56"
"2189","111","560","0","0","2025-09-03 11:12:56",,"2025-09-03 11:12:56"
"2190","111","560","0","0","2025-09-03 11:12:56",,"2025-09-03 11:12:56"
"2191","111","560","0","0","2025-09-03 11:12:56",,"2025-09-03 11:12:56"
"2192","111","560","0","0","2025-09-03 11:12:56",,"2025-09-03 11:12:56"
"2193","111","560","0","0","2025-09-03 11:12:56",,"2025-09-03 11:12:56"
"2194","111","560","0","0","2025-09-03 11:12:56",,"2025-09-03 11:12:56"
"2195","111","560","0","0","2025-09-03 11:12:56",,"2025-09-03 11:12:56"
"2196","209","561","0","0","2025-09-04 12:12:39",,"2025-09-04 12:12:39"
"2197","209","561","0","0","2025-09-04 12:12:39",,"2025-09-04 12:12:39"
"2198","209","561","0","0","2025-09-04 12:12:39",,"2025-09-04 12:12:39"
"2199","209","561","0","0","2025-09-04 12:12:39",,"2025-09-04 12:12:39"
"2200","209","561","0","0","2025-09-04 12:12:39",,"2025-09-04 12:12:39"
"2201","209","561","0","0","2025-09-04 12:12:39",,"2025-09-04 12:12:39"
"2202","209","561","0","0","2025-09-04 12:12:39",,"2025-09-04 12:12:39"
"2203","209","561","0","0","2025-09-04 12:12:39",,"2025-09-04 12:12:39"
"2204","209","561","0","0","2025-09-04 12:12:39",,"2025-09-04 12:12:39"
"2205","209","561","0","0","2025-09-04 12:12:39",,"2025-09-04 12:12:39"
"2206","209","561","0","0","2025-09-04 12:12:39",,"2025-09-04 12:12:39"
"2207","209","561","0","0","2025-09-04 12:12:39",,"2025-09-04 12:12:39"
"2208","209","561","0","0","2025-09-04 12:12:39",,"2025-09-04 12:12:39"
"2209","209","561","0","0","2025-09-04 12:12:39",,"2025-09-04 12:12:39"
"2210","209","561","0","0","2025-09-04 12:12:39",,"2025-09-04 12:12:39"
"2211","209","561","0","0","2025-09-04 12:12:39",,"2025-09-04 12:12:39"
"2212","209","561","0","0","2025-09-04 12:12:39",,"2025-09-04 12:12:39"
"2213","209","561","0","0","2025-09-04 12:12:39",,"2025-09-04 12:12:39"
"2214","209","561","0","0","2025-09-04 12:12:39",,"2025-09-04 12:12:39"
"2215","209","561","0","0","2025-09-04 12:12:39",,"2025-09-04 12:12:39"
"2216","209","561","0","0","2025-09-04 12:12:39",,"2025-09-04 12:12:39"
"2217","209","561","0","0","2025-09-04 12:12:39",,"2025-09-04 12:12:39"
"2218","209","561","0","0","2025-09-04 12:12:39",,"2025-09-04 12:12:39"
"2219","209","561","0","0","2025-09-04 12:12:39",,"2025-09-04 12:12:39"
"2220","209","561","0","0","2025-09-04 12:12:39",,"2025-09-04 12:12:39"
"2221","209","561","0","0","2025-09-04 12:12:39",,"2025-09-04 12:12:39"
"2222","209","561","0","0","2025-09-04 12:12:39",,"2025-09-04 12:12:39"
"2223","209","561","0","0","2025-09-04 12:12:39",,"2025-09-04 12:12:39"
"2224","209","561","0","0","2025-09-04 12:12:39",,"2025-09-04 12:12:39"
"2225","111","562","0","0","2025-09-04 14:29:18",,"2025-09-04 14:29:18"
"2226","111","562","0","0","2025-09-04 14:29:18",,"2025-09-04 14:29:18"
"2227","111","562","0","0","2025-09-04 14:29:18",,"2025-09-04 14:29:18"
"2228","111","562","0","0","2025-09-04 14:29:18",,"2025-09-04 14:29:18"
"2229","142","563","0","0","2025-09-06 09:16:29",,"2025-09-06 09:16:29"
"2230","142","563","0","0","2025-09-06 09:16:29",,"2025-09-06 09:16:29"
"2231","142","563","0","0","2025-09-06 09:16:29",,"2025-09-06 09:16:29"
"2232","0","564","0","0","2025-09-06 15:13:32",,"2025-09-06 15:13:32"
"2233","0","564","0","0","2025-09-06 15:13:32",,"2025-09-06 15:13:32"
"2234","0","564","0","0","2025-09-06 15:13:32",,"2025-09-06 15:13:32"
"2235","0","564","0","0","2025-09-06 15:13:32",,"2025-09-06 15:13:32"
"2236","0","564","0","0","2025-09-06 15:13:32",,"2025-09-06 15:13:32"
"2237","0","564","0","0","2025-09-06 15:13:32",,"2025-09-06 15:13:32"
"2238","0","564","0","0","2025-09-06 15:13:32",,"2025-09-06 15:13:32"
"2239","0","565","0","0","2025-09-06 16:40:48",,"2025-09-06 16:40:48"
"2240","0","565","0","0","2025-09-06 16:40:48",,"2025-09-06 16:40:48"
"2241","0","565","0","0","2025-09-06 16:40:48",,"2025-09-06 16:40:48"
"2242","212","566","0","0","2025-09-09 16:19:57",,"2025-09-09 16:19:57"
"2243","212","566","0","0","2025-09-09 16:19:57",,"2025-09-09 16:19:57"
"2244","212","566","0","0","2025-09-09 16:19:57",,"2025-09-09 16:19:57"
"2245","209","567","0","0","2025-09-10 12:42:42",,"2025-09-10 12:42:42"
"2246","209","567","0","0","2025-09-10 12:42:42",,"2025-09-10 12:42:42"
"2247","209","567","0","0","2025-09-10 12:42:42",,"2025-09-10 12:42:42"
"2248","209","567","0","0","2025-09-10 12:42:42",,"2025-09-10 12:42:42"
"2249","209","567","0","0","2025-09-10 12:42:42",,"2025-09-10 12:42:42"
"2250","114","568","0","0","2025-09-11 14:09:54",,"2025-09-11 14:09:54"
"2251","200","569","0","0","2025-09-11 17:39:47",,"2025-09-11 17:39:47"
"2252","200","569","0","0","2025-09-11 17:39:47",,"2025-09-11 17:39:47"
"2253","123","570","0","0","2025-09-13 15:29:35",,"2025-09-13 15:29:35"
"2254","123","570","0","0","2025-09-13 15:29:35",,"2025-09-13 15:29:35"
"2255","123","570","0","0","2025-09-13 15:29:35",,"2025-09-13 15:29:35"
"2256","0","571","0","0","2025-09-13 16:42:03",,"2025-09-13 16:42:03"
"2257","209","572","0","0","2025-09-22 12:54:28",,"2025-09-22 12:54:28"
"2258","209","572","0","0","2025-09-22 12:54:28",,"2025-09-22 12:54:28"
"2259","209","572","0","0","2025-09-22 12:54:28",,"2025-09-22 12:54:28"
"2260","209","572","0","0","2025-09-22 12:54:28",,"2025-09-22 12:54:28"
"2261","209","572","0","0","2025-09-22 12:54:28",,"2025-09-22 12:54:28"
"2262","209","572","0","0","2025-09-22 12:54:28",,"2025-09-22 12:54:28"
"2263","209","572","0","0","2025-09-22 12:54:28",,"2025-09-22 12:54:28"
"2264","209","572","0","0","2025-09-22 12:54:28",,"2025-09-22 12:54:28"
"2265","209","572","0","0","2025-09-22 12:54:28",,"2025-09-22 12:54:28"
"2266","209","572","0","0","2025-09-22 12:54:28",,"2025-09-22 12:54:28"
"2267","209","572","0","0","2025-09-22 12:54:28",,"2025-09-22 12:54:28"
"2268","209","572","0","0","2025-09-22 12:54:28",,"2025-09-22 12:54:28"
"2269","209","572","0","0","2025-09-22 12:54:28",,"2025-09-22 12:54:28"
"2270","140","573","0","0","2025-09-25 15:53:13",,"2025-09-25 15:53:13"
"2271","140","573","0","0","2025-09-25 15:53:13",,"2025-09-25 15:53:13"
"2272","140","573","0","0","2025-09-25 15:53:13",,"2025-09-25 15:53:13"
"2273","140","574","0","0","2025-09-26 09:56:19",,"2025-09-26 09:56:19"
"2274","140","574","0","0","2025-09-26 09:56:19",,"2025-09-26 09:56:19"
"2275","140","574","0","0","2025-09-26 09:56:19",,"2025-09-26 09:56:19"
"2276","140","574","0","0","2025-09-26 09:56:19",,"2025-09-26 09:56:19"
"2277","140","574","0","0","2025-09-26 09:56:19",,"2025-09-26 09:56:19"
"2278","140","574","0","0","2025-09-26 09:56:19",,"2025-09-26 09:56:19"
"2279","140","574","0","0","2025-09-26 09:56:19",,"2025-09-26 09:56:19"
"2280","140","574","0","0","2025-09-26 09:56:19",,"2025-09-26 09:56:19"
"2281","140","574","0","0","2025-09-26 09:56:19",,"2025-09-26 09:56:19"
"2282","213","575","0","0","2025-09-26 17:07:53",,"2025-09-26 17:07:53"
"2283","183","576","0","0","2025-09-27 13:38:21",,"2025-09-27 13:38:21"
"2284","183","576","0","0","2025-09-27 13:38:21",,"2025-09-27 13:38:21"
"2285","215","577","0","0","2025-09-30 12:49:04",,"2025-09-30 12:49:04"
"2286","215","577","0","0","2025-09-30 12:49:04",,"2025-09-30 12:49:04"
"2287","215","577","0","0","2025-09-30 12:49:04",,"2025-09-30 12:49:04"
"2288","215","577","0","0","2025-09-30 12:49:04",,"2025-09-30 12:49:04"
"2289","215","577","0","0","2025-09-30 12:49:04",,"2025-09-30 12:49:04"
"2290","209","578","0","0","2025-09-30 12:52:43",,"2025-09-30 12:52:43"
"2291","209","578","0","0","2025-09-30 12:52:43",,"2025-09-30 12:52:43"
"2292","209","578","0","0","2025-09-30 12:52:43",,"2025-09-30 12:52:43"
"2293","140","579","0","0","2025-10-01 12:12:10",,"2025-10-01 12:12:10"
"2294","140","579","0","0","2025-10-01 12:12:10",,"2025-10-01 12:12:10"
"2295","140","579","0","0","2025-10-01 12:12:10",,"2025-10-01 12:12:10"
"2296","140","579","0","0","2025-10-01 12:12:10",,"2025-10-01 12:12:10"
"2297","140","579","0","0","2025-10-01 12:12:10",,"2025-10-01 12:12:10"
"2298","140","579","0","0","2025-10-01 12:12:10",,"2025-10-01 12:12:10"
"2299","140","579","0","0","2025-10-01 12:12:10",,"2025-10-01 12:12:10"
"2300","140","579","0","0","2025-10-01 12:12:10",,"2025-10-01 12:12:10"
"2301","140","580","0","0","2025-10-01 12:21:54",,"2025-10-01 12:21:54"
"2302","140","580","0","0","2025-10-01 12:21:54",,"2025-10-01 12:21:54"
"2303","140","580","0","0","2025-10-01 12:21:54",,"2025-10-01 12:21:54"
"2304","140","580","0","0","2025-10-01 12:21:54",,"2025-10-01 12:21:54"
"2305","140","580","0","0","2025-10-01 12:21:54",,"2025-10-01 12:21:54"
"2306","215","581","0","0","2025-10-07 14:22:22",,"2025-10-07 14:22:22"
"2307","215","581","0","0","2025-10-07 14:22:22",,"2025-10-07 14:22:22"
"2308","209","582","0","0","2025-10-07 14:35:16",,"2025-10-07 14:35:16"
"2309","209","582","0","0","2025-10-07 14:35:16",,"2025-10-07 14:35:16"
"2310","209","583","0","0","2025-10-07 15:01:20",,"2025-10-07 15:01:20"
"2311","209","583","0","0","2025-10-07 15:01:20",,"2025-10-07 15:01:20"
"2312","209","583","0","0","2025-10-07 15:01:20",,"2025-10-07 15:01:20"
"2313","209","583","0","0","2025-10-07 15:01:20",,"2025-10-07 15:01:20"
"2314","209","583","0","0","2025-10-07 15:01:20",,"2025-10-07 15:01:20"
"2315","209","583","0","0","2025-10-07 15:01:20",,"2025-10-07 15:01:20"
"2316","209","583","0","0","2025-10-07 15:01:20",,"2025-10-07 15:01:20"
"2317","209","583","0","0","2025-10-07 15:01:20",,"2025-10-07 15:01:20"
"2318","209","583","0","0","2025-10-07 15:01:20",,"2025-10-07 15:01:20"
"2319","209","583","0","0","2025-10-07 15:01:20",,"2025-10-07 15:01:20"
"2320","209","583","0","0","2025-10-07 15:01:20",,"2025-10-07 15:01:20"
"2321","209","583","0","0","2025-10-07 15:01:20",,"2025-10-07 15:01:20"
"2322","209","583","0","0","2025-10-07 15:01:20",,"2025-10-07 15:01:20"
"2323","209","583","0","0","2025-10-07 15:01:20",,"2025-10-07 15:01:20"
"2324","209","583","0","0","2025-10-07 15:01:20",,"2025-10-07 15:01:20"
"2325","209","583","0","0","2025-10-07 15:01:20",,"2025-10-07 15:01:20"
"2326","209","583","0","0","2025-10-07 15:01:20",,"2025-10-07 15:01:20"
"2327","209","583","0","0","2025-10-07 15:01:20",,"2025-10-07 15:01:20"
"2328","209","583","0","0","2025-10-07 15:01:20",,"2025-10-07 15:01:20"
"2329","114","584","0","0","2025-10-08 11:35:52",,"2025-10-08 11:35:52"
"2330","114","584","0","0","2025-10-08 11:35:52",,"2025-10-08 11:35:52"
"2331","114","584","0","0","2025-10-08 11:35:52",,"2025-10-08 11:35:52"
"2332","114","584","0","0","2025-10-08 11:35:52",,"2025-10-08 11:35:52"
"2333","114","584","0","0","2025-10-08 11:35:52",,"2025-10-08 11:35:52"
"2334","114","584","0","0","2025-10-08 11:35:52",,"2025-10-08 11:35:52"
"2335","114","584","0","0","2025-10-08 11:35:52",,"2025-10-08 11:35:52"
"2336","114","584","0","0","2025-10-08 11:35:52",,"2025-10-08 11:35:52"
"2337","114","584","0","0","2025-10-08 11:35:52",,"2025-10-08 11:35:52"
"2338","217","585","0","0","2025-10-10 17:31:00",,"2025-10-10 17:31:00"
"2339","217","585","0","0","2025-10-10 17:31:00",,"2025-10-10 17:31:00"
"2340","217","585","0","0","2025-10-10 17:31:00",,"2025-10-10 17:31:00"
"2341","217","585","0","0","2025-10-10 17:31:00",,"2025-10-10 17:31:00"
"2342","217","585","0","0","2025-10-10 17:31:00",,"2025-10-10 17:31:00"
"2343","217","585","0","0","2025-10-10 17:31:00",,"2025-10-10 17:31:00"
"2344","217","585","0","0","2025-10-10 17:31:00",,"2025-10-10 17:31:00"
"2345","217","585","0","0","2025-10-10 17:31:00",,"2025-10-10 17:31:00"
"2346","217","585","0","0","2025-10-10 17:31:00",,"2025-10-10 17:31:00"
"2347","217","585","0","0","2025-10-10 17:31:00",,"2025-10-10 17:31:00"
"2348","218","586","0","0","2025-10-11 16:53:57",,"2025-10-11 16:53:57"
"2349","219","587","0","0","2025-10-11 17:01:28",,"2025-10-11 17:01:28"
"2350","220","588","0","0","2025-10-15 12:22:12",,"2025-10-15 12:22:12"
"2351","0","589","0","0","2025-10-15 17:19:31",,"2025-10-15 17:19:31"
"2352","0","589","0","0","2025-10-15 17:19:31",,"2025-10-15 17:19:31"
"2353","0","589","0","0","2025-10-15 17:19:31",,"2025-10-15 17:19:31"
"2354","0","589","0","0","2025-10-15 17:19:31",,"2025-10-15 17:19:31"
"2355","0","589","0","0","2025-10-15 17:19:31",,"2025-10-15 17:19:31"
"2356","0","589","0","0","2025-10-15 17:19:31",,"2025-10-15 17:19:31"
"2357","0","589","0","0","2025-10-15 17:19:31",,"2025-10-15 17:19:31"
"2358","0","589","0","0","2025-10-15 17:19:31",,"2025-10-15 17:19:31"
"2359","0","589","0","0","2025-10-15 17:19:31",,"2025-10-15 17:19:31"
"2360","0","589","0","0","2025-10-15 17:19:31",,"2025-10-15 17:19:31"
"2361","0","589","0","0","2025-10-15 17:19:31",,"2025-10-15 17:19:31"
"2362","163","590","0","0","2025-10-16 13:55:44",,"2025-10-16 13:55:44"
"2363","163","590","0","0","2025-10-16 13:55:44",,"2025-10-16 13:55:44"
"2364","202","591","0","0","2025-10-17 14:48:52",,"2025-10-17 14:48:52"
"2365","202","591","0","0","2025-10-17 14:48:52",,"2025-10-17 14:48:52"
"2366","222","592","0","0","2025-10-18 15:38:01",,"2025-10-18 15:38:01"
"2367","222","592","0","0","2025-10-18 15:38:01",,"2025-10-18 15:38:01"
"2368","222","592","0","0","2025-10-18 15:38:01",,"2025-10-18 15:38:01"
"2369","222","592","0","0","2025-10-18 15:38:01",,"2025-10-18 15:38:01"
"2370","222","592","0","0","2025-10-18 15:38:01",,"2025-10-18 15:38:01"
"2371","222","592","0","0","2025-10-18 15:38:01",,"2025-10-18 15:38:01"
